state,GEOID,votes_dem,votes_rep,votes_total,pct_dem_lead,official_boundary,FIPS,TOWN
NY,3.6059E+11,415,453,877,-0.0433,TRUE,36059,1
NY,3.6059E+11,355,305,666,0.0751,TRUE,36059,1
NY,3.6059E+11,254,219,477,0.0734,TRUE,36059,1
NY,3.6059E+11,373,439,816,-0.0809,TRUE,36059,1
NY,3.6059E+11,305,290,599,0.025,TRUE,36059,1
NY,3.6059E+11,371,324,704,0.0668,TRUE,36059,1
NY,3.6059E+11,535,418,962,0.1216,TRUE,36059,1
NY,3.6059E+11,315,335,653,-0.0306,TRUE,36059,1
NY,3.6059E+11,288,426,720,-0.1917,TRUE,36059,1
NY,3.6059E+11,410,366,784,0.0561,TRUE,36059,1
NY,3.6059E+11,244,330,582,-0.1478,TRUE,36059,1
NY,3.6059E+11,279,385,671,-0.158,TRUE,36059,1
NY,3.6059E+11,449,274,731,0.2394,TRUE,36059,1
NY,3.6059E+11,275,347,625,-0.1152,TRUE,36059,1
NY,3.6059E+11,261,329,595,-0.1143,TRUE,36059,1
NY,3.6059E+11,297,206,508,0.1791,TRUE,36059,1
NY,3.6059E+11,251,256,511,-0.0098,TRUE,36059,1
NY,3.6059E+11,266,470,740,-0.2757,TRUE,36059,1
NY,3.6059E+11,412,501,924,-0.0963,TRUE,36059,2
NY,3.6059E+11,215,265,485,-0.1031,TRUE,36059,2
NY,3.6059E+11,575,845,1436,-0.188,TRUE,36059,2
NY,3.6059E+11,167,280,461,-0.2451,TRUE,36059,2
NY,3.6059E+11,385,604,1012,-0.2164,TRUE,36059,2
NY,3.6059E+11,10,7,17,0.1765,TRUE,36059,2
NY,3.6059E+11,242,396,649,-0.2373,TRUE,36059,2
NY,3.6059E+11,312,417,746,-0.1408,TRUE,36059,2
NY,3.6059E+11,52,35,89,0.191,TRUE,36059,2
NY,3.6059E+11,571,595,1182,-0.0203,TRUE,36059,2
NY,3.6059E+11,350,447,808,-0.12,TRUE,36059,2
NY,3.6059E+11,331,510,846,-0.2116,TRUE,36059,2
NY,3.6059E+11,238,474,718,-0.3287,TRUE,36059,2
NY,3.6059E+11,232,361,600,-0.215,TRUE,36059,2
NY,3.6059E+11,297,499,802,-0.2519,TRUE,36059,2
NY,3.6059E+11,171,352,526,-0.3441,TRUE,36059,2
NY,3.6059E+11,248,375,631,-0.2013,TRUE,36059,2
NY,3.6059E+11,225,324,553,-0.179,TRUE,36059,2
NY,3.6059E+11,290,565,866,-0.3176,TRUE,36059,2
NY,3.6059E+11,237,634,880,-0.4511,TRUE,36059,2
NY,3.6059E+11,299,511,812,-0.2611,TRUE,36059,2
NY,3.6059E+11,355,765,1125,-0.3644,TRUE,36059,2
NY,3.6059E+11,193,340,535,-0.2748,TRUE,36059,2
NY,3.6059E+11,358,531,895,-0.1933,TRUE,36059,2
NY,3.6059E+11,376,528,917,-0.1658,TRUE,36059,2
NY,3.6059E+11,348,613,970,-0.2732,TRUE,36059,2
NY,3.6059E+11,207,482,692,-0.3974,TRUE,36059,2
NY,3.6059E+11,287,617,914,-0.3611,TRUE,36059,2
NY,3.6059E+11,216,447,670,-0.3448,TRUE,36059,2
NY,3.6059E+11,270,571,849,-0.3545,TRUE,36059,2
NY,3.6059E+11,280,598,883,-0.3601,TRUE,36059,2
NY,3.6059E+11,315,595,917,-0.3053,TRUE,36059,2
NY,3.6059E+11,203,358,566,-0.2739,TRUE,36059,2
NY,3.6059E+11,320,562,894,-0.2707,TRUE,36059,2
NY,3.6059E+11,248,538,794,-0.3652,TRUE,36059,2
NY,3.6059E+11,300,605,925,-0.3297,TRUE,36059,2
NY,3.6059E+11,234,251,495,-0.0343,TRUE,36059,2
NY,3.6059E+11,329,537,871,-0.2388,TRUE,36059,2
NY,3.6059E+11,338,591,934,-0.2709,TRUE,36059,2
NY,3.6059E+11,224,358,586,-0.2287,TRUE,36059,2
NY,3.6059E+11,279,278,563,0.0018,TRUE,36059,2
NY,3.6059E+11,507,668,1188,-0.1355,TRUE,36059,2
NY,3.6059E+11,333,455,802,-0.1521,TRUE,36059,2
NY,3.6059E+11,331,455,793,-0.1564,TRUE,36059,2
NY,3.6059E+11,236,423,674,-0.2774,TRUE,36059,2
NY,3.6059E+11,505,770,1283,-0.2065,TRUE,36059,2
NY,3.6059E+11,524,679,1217,-0.1274,TRUE,36059,2
NY,3.6059E+11,412,568,989,-0.1577,TRUE,36059,2
NY,3.6059E+11,174,241,421,-0.1591,TRUE,36059,2
NY,3.6059E+11,195,269,468,-0.1581,TRUE,36059,2
NY,3.6059E+11,324,466,804,-0.1766,TRUE,36059,2
NY,3.6059E+11,310,462,781,-0.1946,TRUE,36059,2
NY,3.6059E+11,267,417,693,-0.2165,TRUE,36059,2
NY,3.6059E+11,261,437,702,-0.2507,TRUE,36059,2
NY,3.6059E+11,401,709,1121,-0.2748,TRUE,36059,2
NY,3.6059E+11,337,513,856,-0.2056,TRUE,36059,2
NY,3.6059E+11,260,402,672,-0.2113,TRUE,36059,2
NY,3.6059E+11,356,535,897,-0.1996,TRUE,36059,2
NY,3.6059E+11,492,477,978,0.0153,TRUE,36059,2
NY,3.6059E+11,282,250,535,0.0598,TRUE,36059,2
NY,3.6059E+11,161,112,274,0.1788,TRUE,36059,2
NY,3.6059E+11,281,333,624,-0.0833,TRUE,36059,2
NY,3.6059E+11,152,221,379,-0.1821,TRUE,36059,2
NY,3.6059E+11,292,404,703,-0.1593,TRUE,36059,2
NY,3.6059E+11,261,293,564,-0.0567,TRUE,36059,2
NY,3.6059E+11,361,411,777,-0.0644,TRUE,36059,2
NY,3.6059E+11,254,254,514,0,TRUE,36059,2
NY,3.6059E+11,1,2,3,-0.3333,TRUE,36059,2
NY,3.6059E+11,490,475,980,0.0153,TRUE,36059,2
NY,3.6059E+11,364,486,860,-0.1419,TRUE,36059,2
NY,3.6059E+11,487,491,983,-0.0041,TRUE,36059,2
NY,3.6059E+11,299,285,591,0.0237,TRUE,36059,2
NY,3.6059E+11,380,364,748,0.0214,TRUE,36059,2
NY,3.6059E+11,406,323,740,0.1122,TRUE,36059,2
NY,3.6059E+11,339,332,679,0.0103,TRUE,36059,2
NY,3.6059E+11,296,349,648,-0.0818,TRUE,36059,2
NY,3.6059E+11,409,399,814,0.0123,TRUE,36059,2
NY,3.6059E+11,308,348,660,-0.0606,TRUE,36059,2
NY,3.6059E+11,211,230,448,-0.0424,TRUE,36059,2
NY,3.6059E+11,294,330,632,-0.057,TRUE,36059,2
NY,3.6059E+11,349,458,812,-0.1342,TRUE,36059,2
NY,3.6059E+11,242,449,706,-0.2932,TRUE,36059,2
NY,3.6059E+11,243,404,656,-0.2454,TRUE,36059,2
NY,3.6059E+11,315,349,673,-0.0505,TRUE,36059,2
NY,3.6059E+11,268,359,628,-0.1449,TRUE,36059,2
NY,3.6059E+11,277,412,692,-0.1951,TRUE,36059,2
NY,3.6059E+11,376,643,1029,-0.2595,TRUE,36059,2
NY,3.6059E+11,284,516,804,-0.2886,TRUE,36059,2
NY,3.6059E+11,291,621,914,-0.3611,TRUE,36059,2
NY,3.6059E+11,265,379,646,-0.1765,TRUE,36059,2
NY,3.6059E+11,255,570,833,-0.3782,TRUE,36059,2
NY,3.6059E+11,304,546,852,-0.284,TRUE,36059,2
NY,3.6059E+11,261,459,728,-0.272,TRUE,36059,2
NY,3.6059E+11,299,548,852,-0.2923,TRUE,36059,2
NY,3.6059E+11,337,866,1208,-0.4379,TRUE,36059,2
NY,3.6059E+11,289,623,918,-0.3638,TRUE,36059,2
NY,3.6059E+11,239,444,690,-0.2971,TRUE,36059,2
NY,3.6059E+11,202,499,710,-0.4183,TRUE,36059,2
NY,3.6059E+11,233,527,771,-0.3813,TRUE,36059,2
NY,3.6059E+11,199,331,535,-0.2467,TRUE,36059,2
NY,3.6059E+11,259,593,857,-0.3897,TRUE,36059,2
NY,3.6059E+11,224,765,991,-0.5459,TRUE,36059,2
NY,3.6059E+11,336,419,762,-0.1089,TRUE,36059,2
NY,3.6059E+11,274,415,694,-0.2032,TRUE,36059,2
NY,3.6059E+11,199,312,517,-0.2186,TRUE,36059,2
NY,3.6059E+11,21,33,54,-0.2222,TRUE,36059,2
NY,3.6059E+11,264,347,616,-0.1347,TRUE,36059,2
NY,3.6059E+11,209,247,460,-0.0826,TRUE,36059,2
NY,3.6059E+11,374,524,902,-0.1663,TRUE,36059,2
NY,3.6059E+11,34,15,49,0.3878,TRUE,36059,2
NY,3.6059E+11,170,220,391,-0.1279,TRUE,36059,2
NY,3.6059E+11,458,653,1119,-0.1743,TRUE,36059,2
NY,3.6059E+11,6,12,18,-0.3333,TRUE,36059,2
NY,3.6059E+11,227,338,576,-0.1927,TRUE,36059,2
NY,3.6059E+11,439,550,1004,-0.1106,TRUE,36059,2
NY,3.6059E+11,201,296,504,-0.1885,TRUE,36059,2
NY,3.6059E+11,332,505,854,-0.2026,TRUE,36059,2
NY,3.6059E+11,401,528,946,-0.1342,TRUE,36059,2
NY,3.6059E+11,372,619,1015,-0.2433,TRUE,36059,2
NY,3.6059E+11,388,465,868,-0.0887,TRUE,36059,2
NY,3.6059E+11,399,579,992,-0.1815,TRUE,36059,2
NY,3.6059E+11,258,450,718,-0.2674,TRUE,36059,2
NY,3.6059E+11,490,584,1092,-0.0861,TRUE,36059,2
NY,3.6059E+11,256,322,586,-0.1126,TRUE,36059,2
NY,3.6059E+11,382,417,808,-0.0433,TRUE,36059,2
NY,3.6059E+11,280,464,761,-0.2418,TRUE,36059,2
NY,3.6059E+11,280,345,636,-0.1022,TRUE,36059,2
NY,3.6059E+11,486,299,789,0.237,TRUE,36059,2
NY,3.6059E+11,226,321,565,-0.1681,TRUE,36059,2
NY,3.6059E+11,217,355,587,-0.2351,TRUE,36059,2
NY,3.6059E+11,424,492,934,-0.0728,TRUE,36059,2
NY,3.6059E+11,293,445,752,-0.2021,TRUE,36059,2
NY,3.6059E+11,301,218,524,0.1584,TRUE,36059,2
NY,3.6059E+11,433,609,1062,-0.1657,TRUE,36059,2
NY,3.6059E+11,419,518,949,-0.1043,TRUE,36059,2
NY,3.6059E+11,442,373,828,0.0833,TRUE,36059,2
NY,3.6059E+11,382,516,909,-0.1474,TRUE,36059,2
NY,3.6059E+11,415,655,1097,-0.2188,TRUE,36059,2
NY,3.6059E+11,296,282,588,0.0238,TRUE,36059,2
NY,3.6059E+11,225,254,488,-0.0594,TRUE,36059,2
NY,3.6059E+11,411,469,902,-0.0643,TRUE,36059,2
NY,3.6059E+11,249,352,607,-0.1697,TRUE,36059,2
NY,3.6059E+11,387,574,985,-0.1898,TRUE,36059,2
NY,3.6059E+11,369,566,952,-0.2069,TRUE,36059,2
NY,3.6059E+11,625,518,1146,0.0934,TRUE,36059,2
NY,3.6059E+11,446,359,822,0.1058,TRUE,36059,2
NY,3.6059E+11,273,469,761,-0.2576,TRUE,36059,2
NY,3.6059E+11,220,356,585,-0.2325,TRUE,36059,2
NY,3.6059E+11,213,286,502,-0.1454,TRUE,36059,2
NY,3.6059E+11,519,869,1407,-0.2488,TRUE,36059,2
NY,3.6059E+11,187,354,560,-0.2982,TRUE,36059,2
NY,3.6059E+11,263,616,905,-0.3901,TRUE,36059,2
NY,3.6059E+11,205,355,568,-0.2641,TRUE,36059,2
NY,3.6059E+11,394,363,766,0.0405,TRUE,36059,2
NY,3.6059E+11,272,442,724,-0.2348,TRUE,36059,2
NY,3.6059E+11,310,438,756,-0.1693,TRUE,36059,2
NY,3.6059E+11,354,521,889,-0.1879,TRUE,36059,2
NY,3.6059E+11,278,459,747,-0.2423,TRUE,36059,2
NY,3.6059E+11,360,567,931,-0.2223,TRUE,36059,2
NY,3.6059E+11,426,667,1108,-0.2175,TRUE,36059,2
NY,3.6059E+11,347,428,782,-0.1036,TRUE,36059,2
NY,3.6059E+11,388,588,985,-0.203,TRUE,36059,2
NY,3.6059E+11,256,549,808,-0.3626,TRUE,36059,2
NY,3.6059E+11,279,534,818,-0.3117,TRUE,36059,2
NY,3.6059E+11,222,479,704,-0.3651,TRUE,36059,2
NY,3.6059E+11,325,542,872,-0.2489,TRUE,36059,2
NY,3.6059E+11,172,275,451,-0.2284,TRUE,36059,2
NY,3.6059E+11,361,114,476,0.5189,TRUE,36059,2
NY,3.6059E+11,347,94,445,0.5685,TRUE,36059,2
NY,3.6059E+11,357,95,458,0.5721,TRUE,36059,2
NY,3.6059E+11,358,53,415,0.7349,TRUE,36059,2
NY,3.6059E+11,444,165,609,0.4581,TRUE,36059,2
NY,3.6059E+11,504,150,656,0.5396,TRUE,36059,2
NY,3.6059E+11,335,64,404,0.6708,TRUE,36059,2
NY,3.6059E+11,382,100,486,0.5802,TRUE,36059,2
NY,3.6059E+11,404,81,486,0.6646,TRUE,36059,2
NY,3.6059E+11,477,48,539,0.7959,TRUE,36059,2
NY,3.6059E+11,491,95,589,0.6723,TRUE,36059,2
NY,3.6059E+11,449,79,531,0.6968,TRUE,36059,2
NY,3.6059E+11,524,109,635,0.6535,TRUE,36059,2
NY,3.6059E+11,368,100,476,0.563,TRUE,36059,2
NY,3.6059E+11,596,130,732,0.6366,TRUE,36059,2
NY,3.6059E+11,513,108,627,0.6459,TRUE,36059,2
NY,3.6059E+11,547,125,675,0.6252,TRUE,36059,2
NY,3.6059E+11,828,181,1011,0.64,TRUE,36059,2
NY,3.6059E+11,368,67,437,0.6888,TRUE,36059,2
NY,3.6059E+11,394,94,489,0.6135,TRUE,36059,2
NY,3.6059E+11,509,97,607,0.6787,TRUE,36059,2
NY,3.6059E+11,775,137,916,0.6965,TRUE,36059,2
NY,3.6059E+11,648,135,790,0.6494,TRUE,36059,2
NY,3.6059E+11,376,44,420,0.7905,TRUE,36059,2
NY,3.6059E+11,268,44,315,0.7111,TRUE,36059,2
NY,3.6059E+11,662,85,751,0.7683,TRUE,36059,2
NY,3.6059E+11,219,31,250,0.752,TRUE,36059,2
NY,3.6059E+11,404,252,663,0.2293,TRUE,36059,2
NY,3.6059E+11,491,279,779,0.2721,TRUE,36059,2
NY,3.6059E+11,477,59,541,0.7726,TRUE,36059,2
NY,3.6059E+11,848,112,964,0.7635,TRUE,36059,2
NY,3.6059E+11,557,75,637,0.7567,TRUE,36059,2
NY,3.6059E+11,654,99,761,0.7293,TRUE,36059,2
NY,3.6059E+11,45,14,59,0.5254,TRUE,36059,2
NY,3.6059E+11,441,96,539,0.6401,TRUE,36059,2
NY,3.6059E+11,780,167,959,0.6392,TRUE,36059,2
NY,3.6059E+11,719,137,865,0.6728,TRUE,36059,2
NY,3.6059E+11,624,136,767,0.6362,TRUE,36059,2
NY,3.6059E+11,464,89,554,0.6769,TRUE,36059,2
NY,3.6059E+11,621,171,797,0.5646,TRUE,36059,2
NY,3.6059E+11,685,130,821,0.676,TRUE,36059,2
NY,3.6059E+11,582,109,694,0.6816,TRUE,36059,2
NY,3.6059E+11,656,119,779,0.6893,TRUE,36059,2
NY,3.6059E+11,996,130,1131,0.7657,TRUE,36059,2
NY,3.6059E+11,557,109,668,0.6707,TRUE,36059,2
NY,3.6059E+11,543,99,648,0.6852,TRUE,36059,2
NY,3.6059E+11,414,95,510,0.6255,TRUE,36059,2
NY,3.6059E+11,505,98,605,0.6727,TRUE,36059,2
NY,3.6059E+11,612,96,710,0.7268,TRUE,36059,2
NY,3.6059E+11,473,89,563,0.6821,TRUE,36059,2
NY,3.6059E+11,500,113,613,0.6313,TRUE,36059,2
NY,3.6059E+11,459,77,539,0.7087,TRUE,36059,2
NY,3.6059E+11,421,127,552,0.5326,TRUE,36059,2
NY,3.6059E+11,577,164,750,0.5507,TRUE,36059,2
NY,3.6059E+11,204,68,273,0.4982,TRUE,36059,2
NY,3.6059E+11,451,209,662,0.3656,TRUE,36059,2
NY,3.6059E+11,550,51,611,0.8167,TRUE,36059,2
NY,3.6059E+11,847,169,1019,0.6654,TRUE,36059,2
NY,3.6059E+11,418,148,573,0.4712,TRUE,36059,2
NY,3.6059E+11,608,117,727,0.6754,TRUE,36059,2
NY,3.6059E+11,235,80,315,0.4921,TRUE,36059,2
NY,3.6059E+11,573,290,869,0.3257,TRUE,36059,2
NY,3.6059E+11,160,53,214,0.5,TRUE,36059,2
NY,3.6059E+11,422,99,526,0.6141,TRUE,36059,2
NY,3.6059E+11,470,139,614,0.5391,TRUE,36059,2
NY,3.6059E+11,447,125,573,0.562,TRUE,36059,2
NY,3.6059E+11,279,234,513,0.0877,TRUE,36059,2
NY,3.6059E+11,17,26,43,-0.2093,TRUE,36059,2
NY,3.6059E+11,15,2,17,0.7647,TRUE,36059,2
NY,3.6059E+11,269,67,336,0.6012,TRUE,36059,2
NY,3.6059E+11,565,148,715,0.5832,TRUE,36059,2
NY,3.6059E+11,1,4,5,-0.6,TRUE,36059,2
NY,3.6059E+11,40,4,44,0.8182,TRUE,36059,2
NY,3.6059E+11,197,94,291,0.354,TRUE,36059,2
NY,3.6059E+11,368,78,449,0.6459,TRUE,36059,2
NY,3.6059E+11,265,85,354,0.5085,TRUE,36059,2
NY,3.6059E+11,544,134,682,0.6012,TRUE,36059,2
NY,3.6059E+11,56,167,226,-0.4912,TRUE,36059,2
NY,3.6059E+11,227,446,677,-0.3235,TRUE,36059,2
NY,3.6059E+11,215,503,722,-0.3989,TRUE,36059,2
NY,3.6059E+11,335,632,975,-0.3046,TRUE,36059,2
NY,3.6059E+11,187,676,901,-0.5427,TRUE,36059,2
NY,3.6059E+11,219,579,809,-0.445,TRUE,36059,2
NY,3.6059E+11,154,328,486,-0.358,TRUE,36059,2
NY,3.6059E+11,285,531,820,-0.3,TRUE,36059,2
NY,3.6059E+11,344,581,942,-0.2516,TRUE,36059,2
NY,3.6059E+11,237,466,709,-0.323,TRUE,36059,2
NY,3.6059E+11,3,7,10,-0.4,TRUE,36059,2
NY,3.6059E+11,160,333,503,-0.3439,TRUE,36059,2
NY,3.6059E+11,383,417,817,-0.0416,TRUE,36059,2
NY,3.6059E+11,291,370,679,-0.1163,TRUE,36059,2
NY,3.6059E+11,402,446,867,-0.0507,TRUE,36059,2
NY,3.6059E+11,313,403,731,-0.1231,TRUE,36059,2
NY,3.6059E+11,0,2,2,-1,TRUE,36059,2
NY,3.6059E+11,475,472,959,0.0031,TRUE,36059,2
NY,3.6059E+11,320,243,571,0.1349,TRUE,36059,2
NY,3.6059E+11,130,246,383,-0.3029,TRUE,36059,2
NY,3.6059E+11,128,307,441,-0.4059,TRUE,36059,2
NY,3.6059E+11,354,361,730,-0.0096,TRUE,36059,2
NY,3.6059E+11,254,330,590,-0.1288,TRUE,36059,2
NY,3.6059E+11,247,279,536,-0.0597,TRUE,36059,2
NY,3.6059E+11,141,22,165,0.7212,TRUE,36059,2
NY,3.6059E+11,699,540,1241,0.1281,TRUE,36059,2
NY,3.6059E+11,280,127,412,0.3714,TRUE,36059,2
NY,3.6059E+11,310,550,874,-0.2746,TRUE,36059,2
NY,3.6059E+11,441,677,1136,-0.2077,TRUE,36059,2
NY,3.6059E+11,276,395,680,-0.175,TRUE,36059,2
NY,3.6059E+11,246,468,722,-0.3075,TRUE,36059,2
NY,3.6059E+11,116,187,307,-0.2313,TRUE,36059,2
NY,3.6059E+11,202,299,512,-0.1895,TRUE,36059,2
NY,3.6059E+11,115,175,300,-0.2,TRUE,36059,2
NY,3.6059E+11,335,507,851,-0.2021,TRUE,36059,2
NY,3.6059E+11,176,331,512,-0.3027,TRUE,36059,2
NY,3.6059E+11,209,426,637,-0.3407,TRUE,36059,2
NY,3.6059E+11,166,299,468,-0.2842,TRUE,36059,2
NY,3.6059E+11,396,485,892,-0.0998,TRUE,36059,2
NY,3.6059E+11,288,517,820,-0.2793,TRUE,36059,2
NY,3.6059E+11,337,453,807,-0.1437,TRUE,36059,2
NY,3.6059E+11,211,436,660,-0.3409,TRUE,36059,2
NY,3.6059E+11,285,519,812,-0.2882,TRUE,36059,2
NY,3.6059E+11,336,576,932,-0.2575,TRUE,36059,2
NY,3.6059E+11,4,7,11,-0.2727,TRUE,36059,2
NY,3.6059E+11,315,561,888,-0.277,TRUE,36059,2
NY,3.6059E+11,164,333,501,-0.3373,TRUE,36059,2
NY,3.6059E+11,296,417,722,-0.1676,TRUE,36059,2
NY,3.6059E+11,339,429,779,-0.1155,TRUE,36059,2
NY,3.6059E+11,137,184,326,-0.1442,TRUE,36059,2
NY,3.6059E+11,168,223,399,-0.1378,TRUE,36059,2
NY,3.6059E+11,319,368,693,-0.0707,TRUE,36059,2
NY,3.6059E+11,116,181,307,-0.2117,TRUE,36059,2
NY,3.6059E+11,289,702,1008,-0.4097,TRUE,36059,2
NY,3.6059E+11,4,3,7,0.1429,TRUE,36059,2
NY,3.6059E+11,132,239,379,-0.2823,TRUE,36059,2
NY,3.6059E+11,106,239,352,-0.3778,TRUE,36059,2
NY,3.6059E+11,7,1,8,0.75,TRUE,36059,2
NY,3.6059E+11,7,2,9,0.5556,TRUE,36059,2
NY,3.6059E+11,391,462,885,-0.0802,TRUE,36059,2
NY,3.6059E+11,286,399,699,-0.1617,TRUE,36059,2
NY,3.6059E+11,307,436,753,-0.1713,TRUE,36059,2
NY,3.6059E+11,360,472,844,-0.1327,TRUE,36059,2
NY,3.6059E+11,487,663,1162,-0.1515,TRUE,36059,2
NY,3.6059E+11,156,239,399,-0.208,TRUE,36059,2
NY,3.6059E+11,262,413,680,-0.2221,TRUE,36059,2
NY,3.6059E+11,188,362,568,-0.3063,TRUE,36059,2
NY,3.6059E+11,164,340,510,-0.3451,TRUE,36059,2
NY,3.6059E+11,308,599,925,-0.3146,TRUE,36059,2
NY,3.6059E+11,2,1,3,0.3333,TRUE,36059,2
NY,3.6059E+11,212,591,815,-0.465,TRUE,36059,2
NY,3.6059E+11,268,496,765,-0.298,TRUE,36059,2
NY,3.6059E+11,326,441,774,-0.1486,TRUE,36059,2
NY,3.6059E+11,229,319,548,-0.1642,TRUE,36059,2
NY,3.6059E+11,239,515,759,-0.3636,TRUE,36059,2
NY,3.6059E+11,191,440,647,-0.3849,TRUE,36059,2
NY,3.6059E+11,88,384,483,-0.6128,TRUE,36059,2
NY,3.6059E+11,105,644,754,-0.7149,TRUE,36059,2
NY,3.6059E+11,104,803,911,-0.7673,TRUE,36059,2
NY,3.6059E+11,130,583,725,-0.6248,TRUE,36059,2
NY,3.6059E+11,107,744,864,-0.7373,TRUE,36059,2
NY,3.6059E+11,96,617,721,-0.7226,TRUE,36059,2
NY,3.6059E+11,213,654,879,-0.5017,TRUE,36059,2
NY,3.6059E+11,213,488,709,-0.3879,TRUE,36059,2
NY,3.6059E+11,102,244,351,-0.4046,TRUE,36059,2
NY,3.6059E+11,292,316,616,-0.039,TRUE,36059,2
NY,3.6059E+11,165,187,354,-0.0621,TRUE,36059,2
NY,3.6059E+11,316,441,762,-0.164,TRUE,36059,2
NY,3.6059E+11,314,328,653,-0.0214,TRUE,36059,2
NY,3.6059E+11,229,449,689,-0.3193,TRUE,36059,2
NY,3.6059E+11,84,369,461,-0.6182,TRUE,36059,2
NY,3.6059E+11,212,230,447,-0.0403,TRUE,36059,2
NY,3.6059E+11,72,191,263,-0.4525,TRUE,36059,2
NY,3.6059E+11,251,609,873,-0.4101,TRUE,36059,2
NY,3.6059E+11,230,513,746,-0.3794,TRUE,36059,2
NY,3.6059E+11,78,242,323,-0.5077,TRUE,36059,2
NY,3.6059E+11,110,423,541,-0.5786,TRUE,36059,2
NY,3.6059E+11,430,556,997,-0.1264,TRUE,36059,2
NY,3.6059E+11,255,311,569,-0.0984,TRUE,36059,2
NY,3.6059E+11,265,496,772,-0.2992,TRUE,36059,2
NY,3.6059E+11,311,441,753,-0.1726,TRUE,36059,2
NY,3.6059E+11,251,225,486,0.0535,TRUE,36059,2
NY,3.6059E+11,232,364,599,-0.2204,TRUE,36059,2
NY,3.6059E+11,269,355,625,-0.1376,TRUE,36059,2
NY,3.6059E+11,326,505,832,-0.2151,TRUE,36059,2
NY,3.6059E+11,187,367,558,-0.3226,TRUE,36059,2
NY,3.6059E+11,434,721,1168,-0.2457,TRUE,36059,2
NY,3.6059E+11,429,440,877,-0.0125,TRUE,36059,2
NY,3.6059E+11,342,523,871,-0.2078,TRUE,36059,2
NY,3.6059E+11,387,421,812,-0.0419,TRUE,36059,2
NY,3.6059E+11,4,1,5,0.6,TRUE,36059,2
NY,3.6059E+11,17,752,777,-0.9459,TRUE,36059,2
NY,3.6059E+11,30,66,97,-0.3711,TRUE,36059,2
NY,3.6059E+11,129,615,748,-0.6497,TRUE,36059,2
NY,3.6059E+11,85,462,548,-0.688,TRUE,36059,2
NY,3.6059E+11,158,516,681,-0.5257,TRUE,36059,2
NY,3.6059E+11,109,535,649,-0.6564,TRUE,36059,2
NY,3.6059E+11,118,516,637,-0.6248,TRUE,36059,2
NY,3.6059E+11,235,255,492,-0.0407,TRUE,36059,2
NY,3.6059E+11,141,421,564,-0.4965,TRUE,36059,2
NY,3.6059E+11,80,874,965,-0.8228,TRUE,36059,2
NY,3.6059E+11,37,760,805,-0.8981,TRUE,36059,2
NY,3.6059E+11,117,623,747,-0.6774,TRUE,36059,2
NY,3.6059E+11,8,16,24,-0.3333,TRUE,36059,2
NY,3.6059E+11,303,522,835,-0.2623,TRUE,36059,2
NY,3.6059E+11,216,116,332,0.3012,TRUE,36059,2
NY,3.6059E+11,527,242,773,0.3687,TRUE,36059,2
NY,3.6059E+11,202,250,461,-0.1041,TRUE,36059,2
NY,3.6059E+11,376,605,982,-0.2332,TRUE,36059,2
NY,3.6059E+11,46,30,78,0.2051,TRUE,36059,2
NY,3.6059E+11,269,436,709,-0.2355,TRUE,36059,2
NY,3.6059E+11,309,521,835,-0.2539,TRUE,36059,2
NY,3.6059E+11,266,475,745,-0.2805,TRUE,36059,2
NY,3.6059E+11,538,445,989,0.094,TRUE,36059,2
NY,3.6059E+11,455,340,799,0.1439,TRUE,36059,2
NY,3.6059E+11,187,304,496,-0.2359,TRUE,36059,2
NY,3.6059E+11,31,72,103,-0.3981,TRUE,36059,2
NY,3.6059E+11,283,347,633,-0.1011,TRUE,36059,2
NY,3.6059E+11,146,217,363,-0.1956,TRUE,36059,2
NY,3.6059E+11,468,823,1299,-0.2733,TRUE,36059,2
NY,3.6059E+11,166,235,402,-0.1716,TRUE,36059,2
NY,3.6059E+11,366,543,916,-0.1932,TRUE,36059,2
NY,3.6059E+11,297,424,722,-0.1759,TRUE,36059,2
NY,3.6059E+11,49,75,124,-0.2097,TRUE,36059,2
NY,3.6059E+11,348,651,1004,-0.3018,TRUE,36059,2
NY,3.6059E+11,274,447,725,-0.2386,TRUE,36059,2
NY,3.6059E+11,258,356,616,-0.1591,TRUE,36059,2
NY,3.6059E+11,432,467,906,-0.0386,TRUE,36059,2
NY,3.6059E+11,363,200,566,0.288,TRUE,36059,2
NY,3.6059E+11,490,313,809,0.2188,TRUE,36059,2
NY,3.6059E+11,476,259,736,0.2948,TRUE,36059,2
NY,3.6059E+11,326,225,556,0.1817,TRUE,36059,2
NY,3.6059E+11,444,230,680,0.3147,TRUE,36059,2
NY,3.6059E+11,778,275,1058,0.4754,TRUE,36059,2
NY,3.6059E+11,676,383,1075,0.2726,TRUE,36059,2
NY,3.6059E+11,404,121,531,0.533,TRUE,36059,2
NY,3.6059E+11,382,255,639,0.1987,TRUE,36059,2
NY,3.6059E+11,395,269,669,0.1883,TRUE,36059,2
NY,3.6059E+11,457,288,749,0.2256,TRUE,36059,2
NY,3.6059E+11,385,255,649,0.2003,TRUE,36059,2
NY,3.6059E+11,548,379,931,0.1815,TRUE,36059,2
NY,3.6059E+11,476,330,812,0.1798,TRUE,36059,2
NY,3.6059E+11,459,222,687,0.345,TRUE,36059,2
NY,3.6059E+11,520,541,1066,-0.0197,TRUE,36059,2
NY,3.6059E+11,466,317,803,0.1856,TRUE,36059,2
NY,3.6059E+11,463,353,821,0.134,TRUE,36059,2
NY,3.6059E+11,510,238,754,0.3607,TRUE,36059,2
NY,3.6059E+11,408,209,619,0.3215,TRUE,36059,2
NY,3.6059E+11,578,321,903,0.2846,TRUE,36059,2
NY,3.6059E+11,461,234,702,0.3234,TRUE,36059,2
NY,3.6059E+11,532,256,793,0.348,TRUE,36059,2
NY,3.6059E+11,391,276,673,0.1709,TRUE,36059,2
NY,3.6059E+11,25,81,106,-0.5283,TRUE,36059,2
NY,3.6059E+11,577,173,753,0.5365,TRUE,36059,2
NY,3.6059E+11,566,389,962,0.184,TRUE,36059,2
NY,3.6059E+11,460,531,1001,-0.0709,TRUE,36059,2
NY,3.6059E+11,213,216,434,-0.0069,TRUE,36059,2
NY,3.6059E+11,292,340,638,-0.0752,TRUE,36059,2
NY,3.6059E+11,300,332,648,-0.0494,TRUE,36059,2
NY,3.6059E+11,712,357,1077,0.3296,TRUE,36059,2
NY,3.6059E+11,690,209,903,0.5327,TRUE,36059,2
NY,3.6059E+11,579,180,778,0.5129,TRUE,36059,2
NY,3.6059E+11,578,264,850,0.3694,TRUE,36059,2
NY,3.6059E+11,589,571,1180,0.0153,TRUE,36059,2
NY,3.6059E+11,335,267,609,0.1117,TRUE,36059,2
NY,3.6059E+11,634,226,872,0.4679,TRUE,36059,2
NY,3.6059E+11,289,318,614,-0.0472,TRUE,36059,2
NY,3.6059E+11,248,165,415,0.2,TRUE,36059,2
NY,3.6059E+11,140,92,233,0.206,TRUE,36059,2
NY,3.6059E+11,9,2,11,0.6364,TRUE,36059,2
NY,3.6059E+11,244,47,291,0.677,TRUE,36059,2
NY,3.6059E+11,83,17,100,0.66,TRUE,36059,2
NY,3.6059E+11,323,267,595,0.0941,TRUE,36059,2
NY,3.6059E+11,263,414,686,-0.2201,TRUE,36059,2
NY,3.6059E+11,389,347,742,0.0566,TRUE,36059,2
NY,3.6059E+11,317,428,752,-0.1476,TRUE,36059,2
NY,3.6059E+11,256,285,546,-0.0531,TRUE,36059,2
NY,3.6059E+11,516,492,1021,0.0235,TRUE,36059,2
NY,3.6059E+11,290,287,584,0.0051,TRUE,36059,2
NY,3.6059E+11,427,550,989,-0.1244,TRUE,36059,2
NY,3.6059E+11,301,392,701,-0.1298,TRUE,36059,2
NY,3.6059E+11,364,364,735,0,TRUE,36059,2
NY,3.6059E+11,457,368,831,0.1071,TRUE,36059,2
NY,3.6059E+11,482,176,665,0.4602,TRUE,36059,2
NY,3.6059E+11,259,171,435,0.2023,TRUE,36059,2
NY,3.6059E+11,481,440,930,0.0441,TRUE,36059,2
NY,3.6059E+11,429,369,810,0.0741,TRUE,36059,2
NY,3.6059E+11,278,348,636,-0.1101,TRUE,36059,2
NY,3.6059E+11,397,299,710,0.138,TRUE,36059,2
NY,3.6059E+11,404,316,729,0.1207,TRUE,36059,2
NY,3.6059E+11,366,324,716,0.0587,TRUE,36059,2
NY,3.6059E+11,368,394,777,-0.0335,TRUE,36059,2
NY,3.6059E+11,425,323,765,0.1333,TRUE,36059,2
NY,3.6059E+11,263,377,644,-0.177,TRUE,36059,2
NY,3.6059E+11,256,443,702,-0.2664,TRUE,36059,2
NY,3.6059E+11,213,408,625,-0.312,TRUE,36059,2
NY,3.6059E+11,275,423,705,-0.2099,TRUE,36059,2
NY,3.6059E+11,370,470,852,-0.1174,TRUE,36059,2
NY,3.6059E+11,439,391,841,0.0571,TRUE,36059,2
NY,3.6059E+11,370,499,880,-0.1466,TRUE,36059,2
NY,3.6059E+11,276,311,590,-0.0593,TRUE,36059,2
NY,3.6059E+11,341,378,724,-0.0511,TRUE,36059,2
NY,3.6059E+11,3,1,4,0.5,TRUE,36059,2
NY,3.6059E+11,202,218,427,-0.0375,TRUE,36059,2
NY,3.6059E+11,243,266,515,-0.0447,TRUE,36059,2
NY,3.6059E+11,131,197,330,-0.2,TRUE,36059,2
NY,3.6059E+11,238,298,545,-0.1101,TRUE,36059,2
NY,3.6059E+11,324,389,719,-0.0904,TRUE,36059,2
NY,3.6059E+11,411,272,694,0.2003,TRUE,36059,2
NY,3.6059E+11,431,475,918,-0.0479,TRUE,36059,2
NY,3.6059E+11,374,478,863,-0.1205,TRUE,36059,2
NY,3.6059E+11,311,369,684,-0.0848,TRUE,36059,2
NY,3.6059E+11,411,473,897,-0.0691,TRUE,36059,2
NY,3.6059E+11,228,198,431,0.0696,TRUE,36059,2
NY,3.6059E+11,372,317,700,0.0786,TRUE,36059,2
NY,3.6059E+11,66,38,104,0.2692,TRUE,36059,2
NY,3.6059E+11,315,312,630,0.0048,TRUE,36059,2
NY,3.6059E+11,6,1,7,0.7143,TRUE,36059,2
NY,3.6059E+11,441,463,910,-0.0242,TRUE,36059,2
NY,3.6059E+11,363,482,849,-0.1402,TRUE,36059,2
NY,3.6059E+11,176,210,391,-0.087,TRUE,36059,2
NY,3.6059E+11,43,17,60,0.4333,TRUE,36059,2
NY,3.6059E+11,487,457,956,0.0314,TRUE,36059,2
NY,3.6059E+11,444,632,1084,-0.1734,TRUE,36059,2
NY,3.6059E+11,287,399,699,-0.1602,TRUE,36059,2
NY,3.6059E+11,4,1,5,0.6,TRUE,36059,2
NY,3.6059E+11,417,485,909,-0.0748,TRUE,36059,2
NY,3.6059E+11,389,487,885,-0.1107,TRUE,36059,2
NY,3.6059E+11,32,60,93,-0.3011,TRUE,36059,2
NY,3.6059E+11,112,65,179,0.2626,TRUE,36059,2
NY,3.6059E+11,276,257,536,0.0354,TRUE,36059,2
NY,3.6059E+11,4,13,17,-0.5294,TRUE,36059,2
NY,3.6059E+11,409,314,747,0.1272,TRUE,36059,2
NY,3.6059E+11,43,2,45,0.9111,TRUE,36059,2
NY,3.6059E+11,8,10,18,-0.1111,TRUE,36059,2
NY,3.6059E+11,45,34,80,0.1375,TRUE,36059,2
NY,3.6059E+11,182,23,205,0.7756,TRUE,36059,2
NY,3.6059E+11,485,113,608,0.6118,TRUE,36059,2
NY,3.6059E+11,506,55,561,0.8039,TRUE,36059,2
NY,3.6059E+11,473,626,1107,-0.1382,TRUE,36059,2
NY,3.6059E+11,5,9,14,-0.2857,TRUE,36059,2
NY,3.6059E+11,296,164,469,0.2814,TRUE,36059,2
NY,3.6059E+11,271,297,584,-0.0445,TRUE,36059,2
NY,3.6059E+11,354,368,741,-0.0189,TRUE,36059,2
NY,3.6059E+11,520,519,1051,0.001,TRUE,36059,2
NY,3.6059E+11,509,596,1117,-0.0779,TRUE,36059,2
NY,3.6059E+11,3,1,5,0.4,TRUE,36059,2
NY,3.6059E+11,270,373,649,-0.1587,TRUE,36059,2
NY,3.6059E+11,266,266,536,0,TRUE,36059,2
NY,3.6059E+11,286,352,644,-0.1025,TRUE,36059,2
NY,3.6059E+11,255,364,635,-0.1717,TRUE,36059,2
NY,3.6059E+11,225,396,636,-0.2689,TRUE,36059,2
NY,3.6059E+11,513,673,1208,-0.1325,TRUE,36059,2
NY,3.6059E+11,365,445,816,-0.098,TRUE,36059,2
NY,3.6059E+11,569,88,666,0.7222,TRUE,36059,2
NY,3.6059E+11,300,350,663,-0.0754,TRUE,36059,2
NY,3.6059E+11,235,255,517,-0.0387,TRUE,36059,2
NY,3.6059E+11,395,526,938,-0.1397,TRUE,36059,2
NY,3.6059E+11,784,129,917,0.7143,TRUE,36059,2
NY,3.6059E+11,688,156,851,0.6251,TRUE,36059,2
NY,3.6059E+11,756,232,999,0.5245,TRUE,36059,2
NY,3.6059E+11,576,293,894,0.3166,TRUE,36059,2
NY,3.6059E+11,646,311,991,0.338,TRUE,36059,2
NY,3.6059E+11,585,316,922,0.2918,TRUE,36059,2
NY,3.6059E+11,306,412,730,-0.1452,TRUE,36059,2
NY,3.6059E+11,696,160,871,0.6154,TRUE,36059,2
NY,3.6059E+11,624,70,698,0.7937,TRUE,36059,2
NY,3.6059E+11,552,300,877,0.2873,TRUE,36059,2
NY,3.6059E+11,390,329,742,0.0822,TRUE,36059,2
NY,3.6059E+11,763,97,866,0.7691,TRUE,36059,2
NY,3.6059E+11,833,127,968,0.7293,TRUE,36059,2
NY,3.6059E+11,798,133,937,0.7097,TRUE,36059,2
NY,3.6059E+11,812,136,951,0.7108,TRUE,36059,2
NY,3.6059E+11,774,249,1041,0.5043,TRUE,36059,2
NY,3.6059E+11,378,165,562,0.379,TRUE,36059,2
NY,3.6059E+11,769,211,1016,0.5492,TRUE,36059,2
NY,3.6059E+11,558,193,790,0.462,TRUE,36059,2
NY,3.6059E+11,471,265,760,0.2711,TRUE,36059,2
NY,3.6059E+11,475,231,732,0.3333,TRUE,36059,2
NY,3.6059E+11,159,79,255,0.3137,TRUE,36059,2
NY,3.6059E+11,548,257,832,0.3498,TRUE,36059,2
NY,3.6059E+11,343,237,601,0.1764,TRUE,36059,2
NY,3.6059E+11,312,375,720,-0.0875,TRUE,36059,2
NY,3.6059E+11,359,371,748,-0.016,TRUE,36059,2
NY,3.6059E+11,643,152,816,0.6017,TRUE,36059,2
NY,3.6059E+11,675,204,903,0.5216,TRUE,36059,2
NY,3.6059E+11,476,209,706,0.3782,TRUE,36059,2
NY,3.6059E+11,136,211,357,-0.2101,TRUE,36059,2
NY,3.6059E+11,254,544,809,-0.3585,TRUE,36059,2
NY,3.6059E+11,28,10,38,0.4737,TRUE,36059,2
NY,3.6059E+11,427,676,1131,-0.2202,TRUE,36059,2
NY,3.6059E+11,246,409,667,-0.2444,TRUE,36059,2
NY,3.6059E+11,264,611,884,-0.3925,TRUE,36059,2
NY,3.6059E+11,156,352,509,-0.3851,TRUE,36059,2
NY,3.6059E+11,185,430,621,-0.3945,TRUE,36059,2
NY,3.6059E+11,182,606,798,-0.5313,TRUE,36059,2
NY,3.6059E+11,181,308,491,-0.2587,TRUE,36059,2
NY,3.6059E+11,177,316,503,-0.2763,TRUE,36059,2
NY,3.6059E+11,741,300,1057,0.4172,TRUE,36059,2
NY,3.6059E+11,610,270,904,0.3761,TRUE,36059,2
NY,3.6059E+11,456,247,721,0.2899,TRUE,36059,2
NY,3.6059E+11,703,242,958,0.4812,TRUE,36059,2
NY,3.6059E+11,648,266,927,0.4121,TRUE,36059,2
NY,3.6059E+11,562,369,964,0.2002,TRUE,36059,2
NY,3.6059E+11,423,289,728,0.1841,TRUE,36059,2
NY,3.6059E+11,555,391,960,0.1708,TRUE,36059,2
NY,3.6059E+11,258,182,442,0.1719,TRUE,36059,2
NY,3.6059E+11,550,354,924,0.2121,TRUE,36059,2
NY,3.6059E+11,386,274,675,0.1659,TRUE,36059,2
NY,3.6059E+11,406,366,780,0.0513,TRUE,36059,2
NY,3.6059E+11,345,292,657,0.0807,TRUE,36059,2
NY,3.6059E+11,530,389,949,0.1486,TRUE,36059,2
NY,3.6059E+11,79,135,221,-0.2534,TRUE,36059,2
NY,3.6059E+11,13,18,31,-0.1613,TRUE,36059,2
NY,3.6059E+11,107,175,285,-0.2386,TRUE,36059,2
NY,3.6059E+11,480,331,827,0.1802,TRUE,36059,2
NY,3.6059E+11,402,337,751,0.0866,TRUE,36059,2
NY,3.6059E+11,299,182,496,0.2359,TRUE,36059,2
NY,3.6059E+11,317,250,579,0.1157,TRUE,36059,2
NY,3.6059E+11,110,164,279,-0.1935,TRUE,36059,2
NY,3.6059E+11,473,143,641,0.5148,TRUE,36059,2
NY,3.6059E+11,351,126,501,0.4491,TRUE,36059,2
NY,3.6059E+11,464,198,708,0.3757,TRUE,36059,2
NY,3.6059E+11,240,168,421,0.171,TRUE,36059,2
NY,3.6059E+11,259,207,478,0.1088,TRUE,36059,2
NY,3.6059E+11,384,535,939,-0.1608,TRUE,36059,2
NY,3.6059E+11,635,184,831,0.5427,TRUE,36059,2
NY,3.6059E+11,257,357,621,-0.161,TRUE,36059,2
NY,3.6059E+11,1,5,6,-0.6667,TRUE,36059,2
NY,3.6059E+11,290,490,786,-0.2545,TRUE,36059,3
NY,3.6059E+11,363,477,845,-0.1349,TRUE,36059,3
NY,3.6059E+11,404,592,1006,-0.1869,TRUE,36059,3
NY,3.6059E+11,404,388,805,0.0199,TRUE,36059,3
NY,3.6059E+11,380,352,742,0.0377,TRUE,36059,3
NY,3.6059E+11,610,347,962,0.2734,TRUE,36059,3
NY,3.6059E+11,299,247,552,0.0942,TRUE,36059,3
NY,3.6059E+11,482,144,633,0.534,TRUE,36059,3
NY,3.6059E+11,284,255,547,0.053,TRUE,36059,3
NY,3.6059E+11,376,303,683,0.1069,TRUE,36059,3
NY,3.6059E+11,440,426,869,0.0161,TRUE,36059,3
NY,3.6059E+11,363,268,634,0.1498,TRUE,36059,3
NY,3.6059E+11,387,528,921,-0.1531,TRUE,36059,3
NY,3.6059E+11,456,332,796,0.1558,TRUE,36059,3
NY,3.6059E+11,393,288,690,0.1522,TRUE,36059,3
NY,3.6059E+11,406,310,718,0.1337,TRUE,36059,3
NY,3.6059E+11,351,295,648,0.0864,TRUE,36059,3
NY,3.6059E+11,398,389,787,0.0114,TRUE,36059,3
NY,3.6059E+11,427,378,809,0.0606,TRUE,36059,3
NY,3.6059E+11,304,293,602,0.0183,TRUE,36059,3
NY,3.6059E+11,411,312,731,0.1354,TRUE,36059,3
NY,3.6059E+11,481,339,824,0.1723,TRUE,36059,3
NY,3.6059E+11,337,235,577,0.1768,TRUE,36059,3
NY,3.6059E+11,348,261,612,0.1422,TRUE,36059,3
NY,3.6059E+11,288,296,593,-0.0135,TRUE,36059,4
NY,3.6059E+11,296,196,499,0.2004,TRUE,36059,4
NY,3.6059E+11,246,404,670,-0.2358,TRUE,36059,4
NY,3.6059E+11,250,357,615,-0.174,TRUE,36059,4
NY,3.6059E+11,371,460,843,-0.1056,TRUE,36059,4
NY,3.6059E+11,388,282,676,0.1568,TRUE,36059,4
NY,3.6059E+11,394,301,703,0.1323,TRUE,36059,4
NY,3.6059E+11,657,132,803,0.6538,TRUE,36059,4
NY,3.6059E+11,518,203,726,0.4339,TRUE,36059,4
NY,3.6059E+11,202,86,331,0.3505,TRUE,36059,4
NY,3.6059E+11,566,114,687,0.6579,TRUE,36059,4
NY,3.6059E+11,600,119,724,0.6644,TRUE,36059,4
NY,3.6059E+11,642,115,762,0.6916,TRUE,36059,4
NY,3.6059E+11,44,11,55,0.6,TRUE,36059,4
NY,3.6059E+11,226,102,331,0.3746,TRUE,36059,4
NY,3.6059E+11,105,153,260,-0.1846,TRUE,36059,4
NY,3.6059E+11,190,118,311,0.2315,TRUE,36059,4
NY,3.6059E+11,282,197,486,0.1749,TRUE,36059,4
NY,3.6059E+11,347,224,577,0.2132,TRUE,36059,4
NY,3.6059E+11,695,171,882,0.5941,TRUE,36059,4
NY,3.6059E+11,659,114,784,0.6952,TRUE,36059,4
NY,3.6059E+11,220,233,462,-0.0281,TRUE,36059,4
NY,3.6059E+11,40,28,72,0.1667,TRUE,36059,4
NY,3.6059E+11,2,6,8,-0.5,TRUE,36059,4
NY,3.6059E+11,302,666,973,-0.3741,TRUE,36059,4
NY,3.6059E+11,193,235,445,-0.0944,TRUE,36059,4
NY,3.6059E+11,225,356,586,-0.2235,TRUE,36059,4
NY,3.6059E+11,480,379,871,0.116,TRUE,36059,4
NY,3.6059E+11,316,348,667,-0.048,TRUE,36059,4
NY,3.6059E+11,370,308,688,0.0901,TRUE,36059,4
NY,3.6059E+11,111,1021,1135,-0.8018,TRUE,36059,4
NY,3.6059E+11,115,687,806,-0.7097,TRUE,36059,4
NY,3.6059E+11,117,738,858,-0.7238,TRUE,36059,4
NY,3.6059E+11,139,460,605,-0.5306,TRUE,36059,4
NY,3.6059E+11,183,665,851,-0.5664,TRUE,36059,4
NY,3.6059E+11,56,492,551,-0.7913,TRUE,36059,4
NY,3.6059E+11,121,399,522,-0.5326,TRUE,36059,4
NY,3.6059E+11,170,445,617,-0.4457,TRUE,36059,4
NY,3.6059E+11,172,409,587,-0.4037,TRUE,36059,4
NY,3.6059E+11,178,538,718,-0.5014,TRUE,36059,4
NY,3.6059E+11,275,753,1039,-0.4601,TRUE,36059,4
NY,3.6059E+11,248,400,652,-0.2331,TRUE,36059,4
NY,3.6059E+11,321,437,774,-0.1499,TRUE,36059,4
NY,3.6059E+11,254,353,610,-0.1623,TRUE,36059,4
NY,3.6059E+11,159,304,465,-0.3118,TRUE,36059,4
NY,3.6059E+11,286,369,671,-0.1237,TRUE,36059,4
NY,3.6059E+11,408,252,667,0.2339,TRUE,36059,4
NY,3.6059E+11,319,152,472,0.3538,TRUE,36059,4
NY,3.6059E+11,319,312,636,0.011,TRUE,36059,4
NY,3.6059E+11,411,181,597,0.3853,TRUE,36059,4
NY,3.6059E+11,596,362,964,0.2427,TRUE,36059,4
NY,3.6059E+11,394,283,683,0.1625,TRUE,36059,4
NY,3.6059E+11,335,183,521,0.2917,TRUE,36059,4
NY,3.6059E+11,264,414,683,-0.2196,TRUE,36059,4
NY,3.6059E+11,389,254,656,0.2058,TRUE,36059,4
NY,3.6059E+11,87,90,181,-0.0166,TRUE,36059,4
NY,3.6059E+11,407,256,670,0.2254,TRUE,36059,4
NY,3.6059E+11,273,216,494,0.1154,TRUE,36059,4
NY,3.6059E+11,292,244,550,0.0873,TRUE,36059,4
NY,3.6059E+11,195,157,357,0.1064,TRUE,36059,4
NY,3.6059E+11,311,278,597,0.0553,TRUE,36059,4
NY,3.6059E+11,371,273,647,0.1515,TRUE,36059,4
NY,3.6059E+11,239,269,519,-0.0578,TRUE,36059,4
NY,3.6059E+11,447,323,789,0.1572,TRUE,36059,4
NY,3.6059E+11,516,377,903,0.1539,TRUE,36059,4
NY,3.6059E+11,545,402,964,0.1483,TRUE,36059,4
NY,3.6059E+11,378,318,702,0.0855,TRUE,36059,4
NY,3.6059E+11,582,466,1057,0.1097,TRUE,36059,4
NY,3.6059E+11,513,242,764,0.3547,TRUE,36059,4
NY,3.6059E+11,625,364,996,0.262,TRUE,36059,4
NY,3.6059E+11,451,338,802,0.1409,TRUE,36059,4
NY,3.6059E+11,573,351,934,0.2377,TRUE,36059,4
NY,3.6059E+11,514,248,765,0.3477,TRUE,36059,4
NY,3.6059E+11,575,334,913,0.264,TRUE,36059,4
NY,3.6059E+11,716,299,1028,0.4056,TRUE,36059,4
NY,3.6059E+11,408,209,628,0.3169,TRUE,36059,4
NY,3.6059E+11,515,198,728,0.4354,TRUE,36059,4
NY,3.6059E+11,519,285,813,0.2878,TRUE,36059,4
NY,3.6059E+11,508,197,716,0.4344,TRUE,36059,4
NY,3.6059E+11,338,215,554,0.222,TRUE,36059,4
NY,3.6059E+11,738,343,1087,0.3634,TRUE,36059,4
NY,3.6059E+11,354,179,540,0.3241,TRUE,36059,4
NY,3.6059E+11,213,294,512,-0.1582,TRUE,36059,4
NY,3.6059E+11,330,564,908,-0.2577,TRUE,36059,4
NY,3.6059E+11,295,341,642,-0.0717,TRUE,36059,4
NY,3.6059E+11,319,319,652,0,TRUE,36059,4
NY,3.6059E+11,357,520,893,-0.1825,TRUE,36059,4
NY,3.6059E+11,297,181,484,0.2397,TRUE,36059,4
NY,3.6059E+11,314,386,713,-0.101,TRUE,36059,4
NY,3.6059E+11,411,457,880,-0.0523,TRUE,36059,4
NY,3.6059E+11,325,450,787,-0.1588,TRUE,36059,4
NY,3.6059E+11,406,485,903,-0.0875,TRUE,36059,4
NY,3.6059E+11,236,295,538,-0.1097,TRUE,36059,4
NY,3.6059E+11,175,297,477,-0.2558,TRUE,36059,4
NY,3.6059E+11,225,461,699,-0.3376,TRUE,36059,4
NY,3.6059E+11,98,67,166,0.1867,TRUE,36059,4
NY,3.6059E+11,256,597,868,-0.3929,TRUE,36059,4
NY,3.6059E+11,403,480,891,-0.0864,TRUE,36059,4
NY,3.6059E+11,348,394,773,-0.0595,TRUE,36059,4
NY,3.6059E+11,224,339,573,-0.2007,TRUE,36059,4
NY,3.6059E+11,404,349,772,0.0712,TRUE,36059,4
NY,3.6059E+11,305,131,447,0.3893,TRUE,36059,4
NY,3.6059E+11,385,349,753,0.0478,TRUE,36059,4
NY,3.6059E+11,161,200,390,-0.1,TRUE,36059,4
NY,3.6059E+11,274,191,471,0.1762,TRUE,36059,4
NY,3.6059E+11,253,415,686,-0.2362,TRUE,36059,4
NY,3.6059E+11,355,498,896,-0.1596,TRUE,36059,4
NY,3.6059E+11,399,544,976,-0.1486,TRUE,36059,4
NY,3.6059E+11,201,201,411,0,TRUE,36059,4
NY,3.6059E+11,296,285,602,0.0183,TRUE,36059,4
NY,3.6059E+11,264,304,600,-0.0667,TRUE,36059,4
NY,3.6059E+11,324,312,665,0.018,TRUE,36059,4
NY,3.6059E+11,340,386,749,-0.0614,TRUE,36059,4
NY,3.6059E+11,235,207,456,0.0614,TRUE,36059,4
NY,3.6059E+11,352,347,712,0.007,TRUE,36059,4
NY,3.6059E+11,279,356,653,-0.1179,TRUE,36059,4
NY,3.6059E+11,420,584,1017,-0.1613,TRUE,36059,4
NY,3.6059E+11,152,155,312,-0.0096,TRUE,36059,4
NY,3.6059E+11,275,269,556,0.0108,TRUE,36059,4
NY,3.6059E+11,275,420,710,-0.2042,TRUE,36059,4
NY,3.6059E+11,270,297,576,-0.0469,TRUE,36059,4
NY,3.6059E+11,520,455,981,0.0663,TRUE,36059,4
NY,3.6059E+11,427,422,870,0.0057,TRUE,36059,4
NY,3.6059E+11,406,368,809,0.047,TRUE,36059,4
NY,3.6059E+11,188,177,371,0.0296,TRUE,36059,4
NY,3.6059E+11,523,474,1036,0.0473,TRUE,36059,4
NY,3.6059E+11,20,20,40,0,TRUE,36059,4
NY,3.6059E+11,638,504,1153,0.1162,TRUE,36059,4
NY,3.6059E+11,429,119,553,0.5606,TRUE,36059,4
NY,3.6059E+11,277,259,553,0.0325,TRUE,36059,4
NY,3.6059E+11,232,343,599,-0.1853,TRUE,36059,4
NY,3.6059E+11,155,164,325,-0.0277,TRUE,36059,4
NY,3.6059E+11,259,315,587,-0.0954,TRUE,36059,4
NY,3.6059E+11,198,200,412,-0.0049,TRUE,36059,4
NY,3.6059E+11,33,54,87,-0.2414,TRUE,36059,4
NY,3.6059E+11,10,7,17,0.1765,TRUE,36059,4
NY,3.6059E+11,7,6,13,0.0769,TRUE,36059,4
NY,3.6059E+11,369,147,519,0.4277,TRUE,36059,4
NY,3.6059E+11,494,415,921,0.0858,TRUE,36059,4
NY,3.6059E+11,308,366,692,-0.0838,TRUE,36059,4
NY,3.6059E+11,384,508,921,-0.1346,TRUE,36059,4
NY,3.6059E+11,108,109,224,-0.0045,TRUE,36059,4
NY,3.6059E+11,380,575,964,-0.2023,TRUE,36059,4
NY,3.6059E+11,137,109,250,0.112,TRUE,36059,4
NY,3.6059E+11,198,282,489,-0.1718,TRUE,36059,4
NY,3.6059E+11,274,391,678,-0.1726,TRUE,36059,4
NY,3.6059E+11,345,444,799,-0.1239,TRUE,36059,4
NY,3.6059E+11,368,556,939,-0.2002,TRUE,36059,4
NY,3.6059E+11,257,306,579,-0.0846,TRUE,36059,4
NY,3.6059E+11,282,490,784,-0.2653,TRUE,36059,4
NY,3.6059E+11,190,231,425,-0.0965,TRUE,36059,4
NY,3.6059E+11,217,307,528,-0.1705,TRUE,36059,4
NY,3.6059E+11,286,399,701,-0.1612,TRUE,36059,4
NY,3.6059E+11,429,553,996,-0.1245,TRUE,36059,4
NY,3.6059E+11,7,15,24,-0.3333,TRUE,36059,4
NY,3.6059E+11,131,65,201,0.3284,TRUE,36059,4
NY,3.6059E+11,319,400,729,-0.1111,TRUE,36059,4
NY,3.6059E+11,302,328,638,-0.0408,TRUE,36059,4
NY,3.6059E+11,752,582,1344,0.1265,TRUE,36059,4
NY,3.6059E+11,453,626,1100,-0.1573,TRUE,36059,4
NY,3.6059E+11,189,309,507,-0.2367,TRUE,36059,4
NY,3.6059E+11,313,423,743,-0.148,TRUE,36059,4
NY,3.6059E+11,395,432,836,-0.0443,TRUE,36059,4
NY,3.6059E+11,308,460,779,-0.1951,TRUE,36059,4
NY,3.6059E+11,282,304,596,-0.0369,TRUE,36059,4
NY,3.6059E+11,192,286,486,-0.1934,TRUE,36059,4
NY,3.6059E+11,298,410,717,-0.1562,TRUE,36059,4
NY,3.6059E+11,270,474,749,-0.2724,TRUE,36059,4
NY,3.6059E+11,232,350,594,-0.1987,TRUE,36059,4
NY,3.6059E+11,173,305,484,-0.2727,TRUE,36059,4
NY,3.6059E+11,267,364,637,-0.1523,TRUE,36059,4
NY,3.6059E+11,339,448,798,-0.1366,TRUE,36059,4
NY,3.6059E+11,376,484,871,-0.124,TRUE,36059,4
NY,3.6059E+11,216,309,534,-0.1742,TRUE,36059,4
NY,3.6059E+11,230,330,567,-0.1764,TRUE,36059,4
NY,3.6059E+11,145,354,500,-0.418,TRUE,36059,4
NY,3.6059E+11,522,356,893,0.1859,TRUE,36059,4
NY,3.6059E+11,311,294,610,0.0279,TRUE,36059,4
NY,3.6059E+11,258,318,578,-0.1038,TRUE,36059,4
NY,3.6059E+11,373,491,876,-0.1347,TRUE,36059,4
NY,3.6059E+11,211,363,580,-0.2621,TRUE,36059,4
NY,3.6059E+11,236,447,684,-0.3085,TRUE,36059,4
NY,3.6059E+11,0,1,1,-1,TRUE,36059,4
NY,3.6059E+11,100,83,185,0.0919,TRUE,36059,4
NY,3.60591E+11,181,677,859,-0.5774,TRUE,36059,5
NY,3.60591E+11,204,579,784,-0.4783,TRUE,36059,5
NY,3.60591E+11,222,631,861,-0.475,TRUE,36059,5
NY,3.60591E+11,265,757,1032,-0.4767,TRUE,36059,5
NY,3.60591E+11,222,592,821,-0.4507,TRUE,36059,5
NY,3.60591E+11,210,495,708,-0.4025,TRUE,36059,5
NY,3.60591E+11,190,459,650,-0.4138,TRUE,36059,5
NY,3.60591E+11,296,644,945,-0.3683,TRUE,36059,5
NY,3.60591E+11,332,476,812,-0.1773,TRUE,36059,5
NY,3.60591E+11,252,534,787,-0.3583,TRUE,36059,5
NY,3.60591E+11,254,641,905,-0.4276,TRUE,36059,5
NY,3.60591E+11,340,501,852,-0.189,TRUE,36059,5
NY,3.60591E+11,221,701,926,-0.5184,TRUE,36059,5
NY,3.60591E+11,189,299,494,-0.2227,TRUE,36059,5
NY,3.60591E+11,324,423,752,-0.1316,TRUE,36059,5
NY,3.60591E+11,273,443,725,-0.2345,TRUE,36059,5
NY,3.60591E+11,272,528,805,-0.318,TRUE,36059,5
NY,3.60591E+11,210,425,641,-0.3354,TRUE,36059,5
NY,3.60591E+11,220,508,730,-0.3945,TRUE,36059,5
NY,3.60591E+11,221,415,639,-0.3036,TRUE,36059,5
NY,3.60591E+11,345,700,1053,-0.3371,TRUE,36059,5
NY,3.60591E+11,147,303,453,-0.3444,TRUE,36059,5
NY,3.60591E+11,196,482,684,-0.4181,TRUE,36059,5
NY,3.60591E+11,247,609,862,-0.42,TRUE,36059,5
NY,3.60591E+11,280,547,834,-0.3201,TRUE,36059,5
NY,3.60591E+11,299,684,987,-0.3901,TRUE,36059,5
NY,3.60591E+11,176,440,620,-0.4258,TRUE,36059,5
NY,3.60591E+11,293,570,868,-0.3191,TRUE,36059,5
NY,3.60591E+11,280,583,867,-0.3495,TRUE,36059,5
NY,3.60591E+11,148,450,601,-0.5025,TRUE,36059,5
NY,3.60591E+11,222,332,558,-0.1971,TRUE,36059,5
NY,3.60591E+11,151,378,530,-0.4283,TRUE,36059,5
NY,3.60591E+11,210,311,529,-0.1909,TRUE,36059,5
NY,3.60591E+11,7,10,17,-0.1765,TRUE,36059,5
NY,3.60591E+11,813,459,1281,0.2763,TRUE,36059,5
NY,3.60591E+11,469,334,807,0.1673,TRUE,36059,5
NY,3.60591E+11,751,505,1261,0.1951,TRUE,36059,5
NY,3.60591E+11,429,497,945,-0.072,TRUE,36059,5
NY,3.60591E+11,328,352,700,-0.0343,TRUE,36059,5
NY,3.60591E+11,446,420,890,0.0292,TRUE,36059,5
NY,3.60591E+11,343,190,544,0.2813,TRUE,36059,5
NY,3.60591E+11,210,116,330,0.2848,TRUE,36059,5
NY,3.60591E+11,597,470,1074,0.1182,TRUE,36059,5
NY,3.60591E+11,119,87,206,0.1553,TRUE,36059,5
NY,3.60591E+11,574,371,952,0.2132,TRUE,36059,5
NY,3.60591E+11,549,370,925,0.1935,TRUE,36059,5
NY,3.60591E+11,317,498,819,-0.221,TRUE,36059,5
NY,3.60591E+11,218,267,488,-0.1004,TRUE,36059,5
NY,3.60591E+11,28,25,53,0.0566,TRUE,36059,5
NY,3.60591E+11,270,481,754,-0.2798,TRUE,36059,5
NY,3.60591E+11,384,619,1011,-0.2324,TRUE,36059,5
NY,3.60591E+11,76,107,186,-0.1667,TRUE,36059,5
NY,3.60591E+11,226,272,502,-0.0916,TRUE,36059,5
NY,3.60591E+11,446,348,799,0.1227,TRUE,36059,5
NY,3.60591E+11,345,532,883,-0.2118,TRUE,36059,5
NY,3.60591E+11,273,561,838,-0.3437,TRUE,36059,5
NY,3.60591E+11,300,354,666,-0.0811,TRUE,36059,5
NY,3.60591E+11,1,6,7,-0.7143,TRUE,36059,5
NY,3.60591E+11,0,6,6,-1,TRUE,36059,5
NY,3.60591E+11,387,355,752,0.0426,TRUE,36059,5
NY,3.60591E+11,3,4,7,-0.1429,TRUE,36059,5
NY,3.60591E+11,116,144,268,-0.1045,TRUE,36059,5
NY,3.60591E+11,154,209,368,-0.1495,TRUE,36059,5
NY,3.60591E+11,129,141,272,-0.0441,TRUE,36059,5
NY,3.60591E+11,183,274,470,-0.1936,TRUE,36059,5
NY,3.60591E+11,485,431,927,0.0583,TRUE,36059,5
NY,3.60591E+11,177,314,492,-0.2785,TRUE,36059,5
NY,3.60591E+11,164,260,436,-0.2202,TRUE,36059,5
NY,3.60591E+11,216,300,522,-0.1609,TRUE,36059,5
NY,3.60591E+11,326,544,895,-0.2436,TRUE,36059,5
NY,3.60591E+11,300,406,717,-0.1478,TRUE,36059,5
NY,3.60591E+11,177,205,392,-0.0714,TRUE,36059,5
NY,3.60591E+11,146,166,315,-0.0635,TRUE,36059,5
NY,3.60591E+11,272,326,605,-0.0893,TRUE,36059,5
NY,3.60591E+11,252,314,581,-0.1067,TRUE,36059,5
NY,3.60591E+11,271,318,604,-0.0778,TRUE,36059,5
NY,3.60591E+11,182,171,362,0.0304,TRUE,36059,5
NY,3.60591E+11,263,301,569,-0.0668,TRUE,36059,5
NY,3.60591E+11,523,390,930,0.143,TRUE,36059,5
NY,3.60591E+11,304,249,566,0.0972,TRUE,36059,5
NY,3.60591E+11,328,303,635,0.0394,TRUE,36059,5
NY,3.60591E+11,411,300,727,0.1527,TRUE,36059,5
NY,3.60591E+11,364,283,655,0.1237,TRUE,36059,5
NY,3.60591E+11,626,343,986,0.287,TRUE,36059,5
NY,3.60591E+11,355,274,634,0.1278,TRUE,36059,5
NY,3.60591E+11,201,240,451,-0.0865,TRUE,36059,5
NY,3.60591E+11,473,145,630,0.5206,TRUE,36059,5
NY,3.60591E+11,460,180,642,0.4361,TRUE,36059,5
NY,3.60591E+11,364,207,577,0.2721,TRUE,36059,5
NY,3.60591E+11,276,167,449,0.2428,TRUE,36059,5
NY,3.60591E+11,422,521,957,-0.1034,TRUE,36059,5
NY,3.60591E+11,32,16,48,0.3333,TRUE,36059,5
NY,3.60591E+11,191,175,371,0.0431,TRUE,36059,5
NY,3.60591E+11,380,395,798,-0.0188,TRUE,36059,5
NY,3.60591E+11,261,389,663,-0.1931,TRUE,36059,5
NY,3.60591E+11,409,119,538,0.539,TRUE,36059,5
NY,3.60591E+11,331,269,620,0.1,TRUE,36059,5
NY,3.60591E+11,364,305,684,0.0863,TRUE,36059,5
NY,3.60591E+11,657,475,1149,0.1584,TRUE,36059,5
NY,3.60591E+11,482,405,925,0.0832,TRUE,36059,5
NY,3.60591E+11,186,211,403,-0.062,TRUE,36059,5
NY,3.60591E+11,2,0,2,1,TRUE,36059,5
NY,3.60591E+11,89,74,164,0.0915,TRUE,36059,5
NY,3.60591E+11,16,20,36,-0.1111,TRUE,36059,5
NY,3.60591E+11,0,3,3,-1,TRUE,36059,5
NY,3.60591E+11,350,471,828,-0.1461,TRUE,36059,5
NY,3.60591E+11,235,317,559,-0.1467,TRUE,36059,5
NY,3.60591E+11,367,493,868,-0.1452,TRUE,36059,5
NY,3.60591E+11,28,66,94,-0.4043,TRUE,36059,5
NY,3.60591E+11,333,475,819,-0.1734,TRUE,36059,5
NY,3.60591E+11,303,246,551,0.1034,TRUE,36059,5
NY,3.60591E+11,261,482,752,-0.2939,TRUE,36059,5
NY,3.60591E+11,50,50,100,0,TRUE,36059,5
NY,3.60591E+11,139,154,302,-0.0497,TRUE,36059,5
NY,3.60591E+11,464,619,1099,-0.141,TRUE,36059,5
NY,3.60591E+11,435,582,1028,-0.143,TRUE,36059,5
NY,3.60591E+11,355,474,837,-0.1422,TRUE,36059,5
NY,3.60591E+11,280,594,882,-0.356,TRUE,36059,5
NY,3.60591E+11,270,604,914,-0.3654,TRUE,36059,5
NY,3.60591E+11,425,476,907,-0.0562,TRUE,36059,5
NY,3.60591E+11,234,322,561,-0.1569,TRUE,36059,5
NY,3.60591E+11,411,664,1085,-0.2332,TRUE,36059,5
NY,3.60591E+11,212,245,463,-0.0713,TRUE,36059,5
NY,3.60591E+11,152,231,389,-0.2031,TRUE,36059,5
NY,3.60591E+11,233,463,703,-0.3272,TRUE,36059,5
NY,3.60591E+11,263,382,650,-0.1831,TRUE,36059,5
NY,3.60591E+11,73,148,222,-0.3378,TRUE,36059,5
NY,3.60591E+11,219,237,462,-0.039,TRUE,36059,5
NY,3.60591E+11,189,255,446,-0.148,TRUE,36059,5
NY,3.60591E+11,24,38,66,-0.2121,TRUE,36059,5
NY,3.60591E+11,128,185,318,-0.1792,TRUE,36059,5
NY,3.60591E+11,326,339,674,-0.0193,TRUE,36059,5
NY,3.60591E+11,714,750,1501,-0.024,TRUE,36059,5
NY,3.60591E+11,288,279,592,0.0152,TRUE,36059,5
NY,3.60591E+11,249,311,568,-0.1092,TRUE,36059,5
NY,3.60591E+11,211,252,472,-0.0869,TRUE,36059,5
NY,3.60591E+11,279,311,601,-0.0532,TRUE,36059,5
NY,3.60591E+11,327,507,851,-0.2115,TRUE,36059,5
NY,3.60591E+11,283,387,674,-0.1543,TRUE,36059,5
NY,3.60591E+11,269,398,676,-0.1908,TRUE,36059,5
NY,3.60591E+11,356,265,626,0.1454,TRUE,36059,5
NY,3.60591E+11,222,289,518,-0.1293,TRUE,36059,5
NY,3.60591E+11,321,381,706,-0.085,TRUE,36059,5
NY,3.60591E+11,254,326,593,-0.1214,TRUE,36059,5
NY,3.60591E+11,351,449,806,-0.1216,TRUE,36059,5
NY,3.60591E+11,279,405,693,-0.1818,TRUE,36059,5
NY,3.60591E+11,0,1,2,-0.5,TRUE,36059,5
NY,3.60591E+11,258,354,626,-0.1534,TRUE,36059,5
NY,3.60591E+11,271,373,657,-0.1553,TRUE,36059,5
NY,3.60591E+11,71,105,178,-0.191,TRUE,36059,5
NY,3.60591E+11,330,473,817,-0.175,TRUE,36059,5
NY,3.60591E+11,320,429,763,-0.1429,TRUE,36059,5
NY,3.60591E+11,161,275,452,-0.2522,TRUE,36059,5
NY,3.60591E+11,280,341,632,-0.0965,TRUE,36059,5
NY,3.60591E+11,256,304,583,-0.0823,TRUE,36059,5
NY,3.60591E+11,242,398,653,-0.2389,TRUE,36059,5
NY,3.60591E+11,363,476,854,-0.1323,TRUE,36059,5
NY,3.60591E+11,322,484,829,-0.1954,TRUE,36059,5
NY,3.60591E+11,329,465,811,-0.1677,TRUE,36059,5
NY,3.60591E+11,354,404,775,-0.0645,TRUE,36059,5
NY,3.60591E+11,279,393,685,-0.1664,TRUE,36059,5
NY,3.60591E+11,201,303,508,-0.2008,TRUE,36059,5
NY,3.60591E+11,13,15,28,-0.0714,TRUE,36059,5
NY,3.60591E+11,203,434,648,-0.3565,TRUE,36059,5
NY,3.60591E+11,290,267,596,0.0386,TRUE,36059,5
NY,3.60591E+11,280,245,530,0.066,TRUE,36059,5
NY,3.60591E+11,297,319,623,-0.0353,TRUE,36059,5
NY,3.60591E+11,336,403,756,-0.0886,TRUE,36059,5
NY,3.60591E+11,417,394,835,0.0275,TRUE,36059,5
NY,3.60591E+11,456,312,785,0.1834,TRUE,36059,5
NY,3.60591E+11,240,319,564,-0.1401,TRUE,36059,5
NY,3.60591E+11,323,278,614,0.0733,TRUE,36059,5
NY,3.60591E+11,164,384,552,-0.3986,TRUE,36059,5
NY,3.60591E+11,324,471,809,-0.1817,TRUE,36059,5
NY,3.60591E+11,314,340,660,-0.0394,TRUE,36059,5
NY,3.60591E+11,389,291,694,0.1412,TRUE,36059,5
NY,3.60591E+11,277,365,648,-0.1358,TRUE,36059,5
NY,3.60591E+11,165,300,472,-0.286,TRUE,36059,5
NY,3.60591E+11,83,203,290,-0.4138,TRUE,36059,5
NY,3.60591E+11,271,534,806,-0.3263,TRUE,36059,5
NY,3.60591E+11,340,653,999,-0.3133,TRUE,36059,5
NY,3.60591E+11,263,559,831,-0.3562,TRUE,36059,5
NY,3.60591E+11,259,489,768,-0.2995,TRUE,36059,5
NY,3.60591E+11,318,486,811,-0.2072,TRUE,36059,5
NY,3.60591E+11,172,316,499,-0.2886,TRUE,36059,5
NY,3.60591E+11,317,562,891,-0.275,TRUE,36059,5
NY,3.60591E+11,414,367,791,0.0594,TRUE,36059,5
NY,3.60591E+11,324,353,693,-0.0418,TRUE,36059,5
NY,3.60591E+11,413,501,923,-0.0953,TRUE,36059,5
NY,3.60591E+11,522,624,1163,-0.0877,TRUE,36059,5
NY,3.60591E+11,214,380,600,-0.2767,TRUE,36059,5
NY,3.60591E+11,517,557,1082,-0.037,TRUE,36059,5
NY,3.60591E+11,317,385,712,-0.0955,TRUE,36059,5
NY,3.60591E+11,374,585,973,-0.2169,TRUE,36059,5
NY,3.60591E+11,319,570,908,-0.2764,TRUE,36059,5
NY,3.60591E+11,380,359,747,0.0281,TRUE,36059,5
NY,3.60591E+11,406,367,781,0.0499,TRUE,36059,5
NY,3.60591E+11,307,332,649,-0.0385,TRUE,36059,5
NY,3.60591E+11,279,554,848,-0.3243,TRUE,36059,5
NY,3.60591E+11,386,219,606,0.2756,TRUE,36059,5
NY,3.60591E+11,22,50,72,-0.3889,TRUE,36059,5
NY,3.60591E+11,151,79,231,0.3117,TRUE,36059,5
NY,3.60591E+11,679,425,1110,0.2288,TRUE,36059,5
NY,3.60591E+11,315,241,566,0.1307,TRUE,36059,5
NY,3.60591E+11,363,223,594,0.2357,TRUE,36059,5
NY,3.60591E+11,475,363,861,0.1301,TRUE,36059,5
NY,3.60591E+11,471,445,931,0.0279,TRUE,36059,5
NY,3.60591E+11,395,305,717,0.1255,TRUE,36059,5
NY,3.60591E+11,254,198,460,0.1217,TRUE,36059,5
NY,3.60591E+11,540,344,894,0.2192,TRUE,36059,5
NY,3.60591E+11,252,347,608,-0.1563,TRUE,36059,5
NY,3.60591E+11,301,300,608,0.0016,TRUE,36059,5
NY,3.60591E+11,293,547,847,-0.2999,TRUE,36059,5
NY,3.60591E+11,135,175,311,-0.1286,TRUE,36059,5
NY,3.60591E+11,195,486,691,-0.4211,TRUE,36059,5
NY,3.60591E+11,247,768,1023,-0.5093,TRUE,36059,5
NY,3.60591E+11,380,796,1189,-0.3499,TRUE,36059,5
NY,3.60591E+11,33,123,157,-0.5732,TRUE,36059,5
NY,3.60591E+11,325,729,1062,-0.3804,TRUE,36059,5
NY,3.60591E+11,320,547,874,-0.2597,TRUE,36059,5
NY,3.60591E+11,207,340,558,-0.2384,TRUE,36059,5
NY,3.60591E+11,206,409,625,-0.3248,TRUE,36059,5
NY,3.60591E+11,239,617,862,-0.4385,TRUE,36059,5
NY,3.60591E+11,382,611,1003,-0.2283,TRUE,36059,5
NY,3.60591E+11,215,500,717,-0.3975,TRUE,36059,5
NY,3.60591E+11,189,400,590,-0.3576,TRUE,36059,5
NY,3.60591E+11,248,604,855,-0.4164,TRUE,36059,5
NY,3.60591E+11,244,624,875,-0.4343,TRUE,36059,5
NY,3.60591E+11,187,452,641,-0.4134,TRUE,36059,5
NY,3.60591E+11,90,146,236,-0.2373,TRUE,36059,5
NY,3.60591E+11,198,410,612,-0.3464,TRUE,36059,5
NY,3.60591E+11,264,661,930,-0.4269,TRUE,36059,5
NY,3.60591E+11,227,520,752,-0.3896,TRUE,36059,5
NY,3.60591E+11,278,586,866,-0.3557,TRUE,36059,5
NY,3.60591E+11,241,646,892,-0.454,TRUE,36059,5
NY,3.60591E+11,274,580,858,-0.3566,TRUE,36059,5
NY,3.60591E+11,237,441,687,-0.2969,TRUE,36059,5
NY,3.60591E+11,212,495,713,-0.3969,TRUE,36059,5
NY,3.60591E+11,209,514,728,-0.419,TRUE,36059,5
NY,3.60591E+11,326,795,1129,-0.4154,TRUE,36059,5
NY,3.60591E+11,308,644,957,-0.3511,TRUE,36059,5
NY,3.60591E+11,258,562,824,-0.3689,TRUE,36059,5
NY,3.60591E+11,243,486,736,-0.3302,TRUE,36059,5
NY,3.60591E+11,259,589,854,-0.3864,TRUE,36059,5
NY,3.60591E+11,416,778,1202,-0.3012,TRUE,36059,5
NY,3.60591E+11,221,418,649,-0.3035,TRUE,36059,5
NY,3.60591E+11,259,558,819,-0.3651,TRUE,36059,5
NY,3.60591E+11,322,632,961,-0.3226,TRUE,36059,5
NY,3.60591E+11,351,521,875,-0.1943,TRUE,36059,5
NY,3.60591E+11,117,226,345,-0.3159,TRUE,36059,5
NY,3.60591E+11,129,216,349,-0.2493,TRUE,36059,5
NY,3.60591E+11,0,1,1,-1,TRUE,36059,5
NY,3.60591E+11,11,25,36,-0.3889,TRUE,36059,5
NY,3.60591E+11,100,252,353,-0.4306,TRUE,36059,5
NY,3.60591E+11,136,159,301,-0.0764,TRUE,36059,5