"AD","ED","Harris","Trump"
23,1,295,1011
23,2,289,957
23,3,99,330
23,4,391,871
23,5,336,936
23,6,371,858
23,7,441,889
23,8,443,593
23,9,385,335
23,10,465,762
23,11,653,282
23,12,199,94
23,13,535,265
23,14,319,388
23,15,421,437
23,16,272,229
23,17,186,489
23,18,594,228
23,19,125,18
23,20,841,147
23,21,608,215
23,22,294,37
23,23,204,217
23,24,372,75
23,25,487,354
23,26,281,202
23,27,169,998
23,28,501,260
23,29,172,636
23,30,223,617
23,31,501,389
23,32,529,555
23,33,233,1001
23,34,256,808
23,35,177,847
23,36,217,870
23,37,362,745
23,38,266,682
23,39,60,29
23,40,331,276
23,41,329,391
23,42,274,299
23,43,8,3
23,44,564,640
23,45,346,426
23,46,523,482
23,47,364,418
23,48,377,459
23,49,494,504
23,50,181,174
23,51,370,274
23,52,225,167
23,53,423,293
23,54,398,291
23,55,150,142
23,56,161,156
23,57,228,230
23,58,132,403
23,59,102,397
23,60,296,394
23,61,10,6
23,62,443,384
23,63,257,185
23,64,136,90
23,65,0,0
23,66,0,0
23,67,0,0
23,68,0,0
23,69,0,0
23,70,0,0
23,71,0,0
23,72,0,0
24,1,164,114
24,2,224,110
24,3,422,303
24,4,394,229
24,5,412,224
24,6,459,405
24,7,356,246
24,8,477,344
24,9,586,322
24,10,535,202
24,11,350,188
24,12,266,180
24,13,454,281
24,14,415,347
24,15,351,300
24,17,77,28
24,18,263,211
24,19,401,273
24,20,161,73
24,21,275,254
24,22,42,61
24,23,325,195
24,24,225,251
24,25,133,114
24,26,259,182
24,27,185,104
24,28,250,150
24,29,429,282
24,30,311,241
24,31,412,357
24,32,411,271
24,33,14,21
24,34,112,84
24,35,178,121
24,36,511,269
24,37,252,176
24,38,622,277
24,39,442,280
24,40,299,174
24,41,219,199
24,42,318,138
24,43,415,314
24,44,216,126
24,45,102,60
24,46,734,317
24,47,569,285
24,48,201,123
24,49,294,919
24,50,103,260
24,51,589,392
24,52,712,302
24,53,911,158
24,54,126,44
24,55,421,188
24,56,513,262
24,57,396,256
24,58,420,481
24,59,439,370
24,60,651,532
24,61,608,434
24,62,607,472
24,63,277,212
24,64,452,437
24,65,553,285
24,66,0,0
25,1,680,339
25,2,656,268
25,3,104,127
25,4,273,171
25,5,673,296
25,6,297,321
25,7,57,54
25,8,40,18
25,9,351,498
25,10,18,17
25,11,246,460
25,12,427,596
25,13,410,534
25,14,343,541
25,15,285,380
25,16,264,526
25,17,393,484
25,18,486,334
25,19,545,298
25,20,557,273
25,21,244,172
25,22,646,459
25,23,291,257
25,24,328,292
25,25,490,495
25,26,452,509
25,27,522,391
25,28,404,309
25,29,425,490
25,30,365,448
25,31,352,407
25,32,283,371
25,33,381,563
25,34,381,471
25,35,375,389
25,36,332,342
25,37,293,283
25,38,275,334
25,39,255,366
25,40,311,355
25,41,235,246
25,42,349,325
25,43,327,310
25,44,389,287
25,45,374,336
25,46,240,273
25,47,190,177
25,48,109,52
25,49,0,0
25,50,0,0
26,1,186,168
26,2,128,53
26,3,107,97
26,4,213,149
26,5,29,13
26,6,423,304
26,7,557,390
26,8,644,448
26,9,267,176
26,10,768,229
26,11,401,143
26,12,653,516
26,13,507,600
26,14,525,516
26,15,618,474
26,16,555,508
26,17,617,494
26,18,394,310
26,19,217,236
26,20,611,525
26,21,529,571
26,22,510,622
26,23,556,452
26,24,577,508
26,25,363,326
26,26,410,366
26,27,102,83
26,28,414,433
26,29,260,330
26,30,0,0
26,31,518,425
26,32,503,388
26,33,478,512
26,34,545,597
26,35,337,334
26,36,464,486
26,37,342,430
26,38,746,493
26,39,338,309
26,40,344,270
26,41,706,393
26,42,456,393
26,43,622,393
26,44,486,415
26,45,600,560
26,46,386,371
26,47,16,32
26,48,395,454
26,49,314,420
26,50,414,742
26,51,224,257
26,52,346,402
26,53,411,483
26,54,527,514
26,55,527,545
26,56,465,478
26,57,516,459
26,58,162,162
26,59,504,447
26,60,341,376
26,61,516,460
26,62,396,431
26,63,0,0
26,64,0,0
26,65,0,0
26,66,0,0
27,1,153,241
27,2,692,288
27,3,775,330
27,4,782,283
27,5,862,321
27,6,471,213
27,7,72,199
27,8,228,186
27,9,246,407
27,10,247,131
27,11,180,106
27,12,521,323
27,13,388,370
27,14,655,309
27,15,691,334
27,16,351,171
27,17,493,255
27,18,298,113
27,19,414,413
27,20,209,459
27,21,366,516
27,22,515,407
27,23,237,564
27,24,241,443
27,25,229,796
27,26,157,81
27,27,114,916
27,28,361,521
27,29,132,723
27,30,208,299
27,31,12,63
27,32,393,399
27,33,403,480
27,34,377,468
27,35,364,418
27,36,366,492
27,37,381,458
27,38,312,524
27,39,292,624
27,40,451,503
27,41,122,266
27,42,261,984
27,43,348,623
27,44,273,686
27,45,290,688
27,46,47,153
27,47,179,156
27,48,368,572
27,49,378,601
27,50,300,482
27,51,372,406
27,52,0,0
27,53,0,0
27,54,0,0
27,55,0,0
27,56,0,0
27,57,0,0
27,58,0,0
27,59,0,0
27,60,0,0
27,61,0,0
27,62,0,0
27,63,0,0
27,64,0,0
27,65,0,0
27,66,0,0
27,67,0,0
27,68,0,0
28,1,196,114
28,2,917,398
28,3,849,368
28,4,798,325
28,5,89,77
28,6,157,178
28,7,568,441
28,8,656,353
28,9,620,412
28,10,156,339
28,11,302,356
28,12,285,625
28,13,202,343
28,14,332,526
28,15,321,531
28,16,0,0
28,17,13,29
28,18,101,77
28,19,301,216
28,20,481,358
28,21,148,200
28,22,348,685
28,23,214,543
28,24,402,713
28,25,450,825
28,26,381,524
28,27,213,329
28,28,261,197
28,29,658,331
28,30,851,400
28,31,782,241
28,32,827,231
28,33,476,193
28,34,559,275
28,35,946,371
28,36,232,76
28,37,684,349
28,38,601,273
28,39,651,375
28,40,578,424
28,41,259,156
28,42,56,119
28,43,440,604
28,44,288,544
28,45,0,0
28,46,560,442
28,47,385,304
28,48,644,537
28,49,314,245
28,50,607,304
28,51,631,270
28,52,513,225
28,53,759,331
28,54,620,403
28,55,571,361
28,56,503,239
28,57,467,292
28,58,550,469
28,59,323,396
28,60,311,434
28,61,247,531
28,62,702,416
28,63,0,0
28,64,56,58
28,65,179,181
28,66,286,441
28,67,70,109
28,68,82,131
28,69,156,59
28,70,0,0
28,71,96,52
28,72,0,0
28,73,0,0
29,1,922,91
29,2,878,84
29,3,825,87
29,4,847,89
29,5,821,99
29,6,817,118
29,7,615,91
29,8,604,65
29,9,518,43
29,10,31,60
29,11,918,60
29,12,888,79
29,13,930,61
29,14,864,83
29,15,126,12
29,16,184,14
29,17,546,66
29,18,924,75
29,19,911,66
29,20,715,51
29,21,895,72
29,22,787,42
29,23,992,64
29,24,85,9
29,25,779,75
29,26,162,17
29,27,858,76
29,28,862,71
29,29,953,115
29,30,859,110
29,31,555,46
29,32,426,40
29,33,455,50
29,34,771,73
29,35,562,85
29,36,680,76
29,37,711,58
29,38,624,64
29,39,729,134
29,40,711,111
29,41,602,154
29,42,50,36
29,43,484,253
29,44,419,261
29,45,584,260
29,46,280,110
29,47,210,113
29,48,511,269
29,49,169,63
29,50,734,255
29,51,612,298
29,52,246,117
29,53,305,195
29,54,365,266
29,55,399,230
29,56,584,148
29,57,319,68
29,58,654,251
29,59,282,129
29,60,558,269
29,61,59,6
29,62,0,0
29,63,272,188
29,64,72,2
29,65,286,143
30,1,0,0
30,2,92,91
30,3,114,45
30,4,328,229
30,5,463,632
30,6,480,640
30,7,201,222
30,8,349,507
30,9,265,267
30,10,384,565
30,11,329,288
30,12,193,123
30,13,597,439
30,14,87,49
30,15,61,57
30,16,442,402
30,17,120,157
30,18,126,42
30,19,330,200
30,20,308,205
30,21,565,374
30,22,585,353
30,23,299,218
30,24,578,394
30,25,458,359
30,26,0,0
30,27,368,396
30,28,150,128
30,29,16,11
30,30,485,429
30,31,426,321
30,32,42,52
30,33,324,209
30,34,194,200
30,35,534,302
30,36,491,403
30,37,310,276
30,38,345,296
30,39,352,310
30,40,518,344
30,41,499,375
30,42,346,188
30,43,260,149
30,44,84,55
30,45,370,221
30,46,429,333
30,47,328,224
30,48,250,186
30,49,476,295
30,50,410,315
30,51,414,256
30,52,252,153
30,53,303,226
30,54,217,143
30,55,330,258
30,56,380,258
30,57,0,0
30,58,0,0
30,59,0,0
30,60,74,49
31,1,718,131
31,2,529,160
31,3,466,92
31,4,543,132
31,5,621,83
31,6,402,85
31,7,273,61
31,8,697,118
31,9,343,53
31,10,375,97
31,11,456,116
31,12,609,80
31,13,260,37
31,14,591,74
31,15,799,145
31,16,590,185
31,17,13,4
31,18,328,69
31,19,19,8
31,20,770,164
31,21,484,360
31,22,621,73
31,23,893,72
31,24,269,52
31,25,725,87
31,26,747,70
31,27,812,66
31,28,687,56
31,29,646,56
31,30,347,42
31,31,440,53
31,32,795,93
31,33,216,111
31,34,681,96
31,35,555,42
31,36,182,24
31,37,647,137
31,38,399,133
31,39,299,105
31,40,14,9
31,41,503,179
31,42,167,96
31,43,471,265
31,44,389,211
31,45,463,231
31,46,444,189
31,47,159,105
31,48,204,99
31,49,57,20
31,50,400,228
31,51,391,197
31,52,355,190
31,53,339,204
31,54,553,183
31,55,444,211
31,56,456,199
31,57,511,397
31,58,528,360
31,59,0,0
31,60,0,0
31,61,0,0
31,62,0,0
31,63,0,0
31,64,0,0
32,1,49,29
32,2,92,49
32,3,531,240
32,4,275,154
32,5,525,177
32,6,17,9
32,7,559,168
32,8,469,407
32,9,426,183
32,10,317,155
32,11,44,12
32,12,416,102
32,13,41,5
32,14,58,11
32,15,367,312
32,16,143,19
32,17,449,180
32,18,128,48
32,19,445,192
32,20,460,137
32,21,638,156
32,22,692,183
32,23,510,118
32,24,497,114
32,25,542,107
32,26,648,187
32,27,632,140
32,28,584,110
32,29,419,66
32,30,481,102
32,31,502,77
32,32,593,105
32,33,224,12
32,34,736,63
32,35,290,37
32,36,461,58
32,37,741,149
32,38,573,132
32,39,527,115
32,40,507,83
32,41,375,53
32,42,576,115
32,43,664,168
32,44,400,32
32,45,408,121
32,46,504,74
32,47,568,48
32,48,753,74
32,49,465,43
32,50,736,93
32,51,764,81
32,52,4,0
32,53,940,43
32,54,836,50
32,55,580,37
32,56,524,53
32,57,585,38
32,58,560,29
32,59,541,31
32,60,577,34
32,61,558,29
32,62,590,52
32,63,441,58
32,64,480,56
32,65,569,81
32,66,169,30
32,67,514,123
32,68,441,115
32,69,0,0
33,1,476,528
33,2,545,548
33,3,474,485
33,4,440,429
33,5,442,376
33,6,506,558
33,7,411,327
33,8,503,499
33,9,449,433
33,10,588,390
33,11,310,187
33,12,541,220
33,13,76,23
33,14,466,333
33,15,471,229
33,16,480,309
33,17,621,329
33,18,512,221
33,19,411,195
33,20,480,257
33,21,616,265
33,22,267,110
33,23,703,258
33,24,110,47
33,25,253,88
33,26,91,35
33,27,626,141
33,28,277,61
33,29,738,143
33,30,872,118
33,31,705,78
33,32,930,86
33,33,553,40
33,34,820,72
33,35,954,54
33,36,897,59
33,37,874,60
33,38,736,60
33,39,656,62
33,40,576,41
33,41,496,43
33,42,803,79
33,43,448,27
33,44,930,77
33,45,755,58
33,46,930,92
33,47,730,64
33,48,729,60
33,49,367,38
33,50,847,91
33,51,870,132
33,52,886,122
33,53,665,91
33,54,633,89
33,55,601,108
33,56,848,98
33,57,591,83
33,58,646,131
33,59,435,46
33,60,632,95
33,61,681,124
33,62,384,36
33,63,432,81
33,64,3,2
33,65,671,117
34,1,692,376
34,2,106,127
34,3,415,238
34,4,570,191
34,5,399,172
34,6,38,40
34,7,616,248
34,8,703,307
34,9,514,313
34,10,391,371
34,11,237,195
34,12,912,342
34,13,896,396
34,14,717,417
34,15,190,233
34,16,175,196
34,17,550,370
34,18,555,279
34,19,730,334
34,20,746,363
34,21,537,145
34,22,250,125
34,23,255,123
34,24,607,307
34,25,638,343
34,26,1,0
34,27,317,335
34,28,221,223
34,29,254,248
34,30,299,309
34,31,417,386
34,32,279,251
34,33,196,159
34,34,396,251
34,35,235,245
34,36,458,381
34,37,211,170
34,38,203,144
34,39,514,296
34,40,595,391
34,41,597,301
34,42,373,246
34,43,390,277
34,44,450,371
34,45,234,202
34,46,601,351
34,47,490,328
34,48,360,171
34,49,294,144
34,50,82,63
34,51,475,330
34,52,544,381
34,53,19,12
34,54,276,324
34,55,115,115
34,56,317,371
34,57,0,0
34,58,0,0
34,59,0,0
34,60,74,68
34,61,28,34
35,1,340,405
35,2,242,232
35,3,248,207
35,4,334,188
35,5,383,210
35,6,427,235
35,7,605,333
35,8,609,257
35,9,380,447
35,10,228,149
35,11,275,186
35,12,423,282
35,13,368,300
35,14,433,264
35,15,395,267
35,16,511,240
35,17,315,325
35,18,191,250
35,19,208,189
35,20,147,130
35,21,142,84
35,22,310,338
35,23,260,204
35,24,326,228
35,25,447,201
35,26,481,236
35,27,129,98
35,28,70,50
35,29,269,153
35,30,488,288
35,31,221,338
35,32,456,188
35,33,549,171
35,34,455,207
35,35,464,182
35,36,482,208
35,37,257,169
35,38,353,341
35,39,420,449
35,40,355,360
35,41,380,476
35,42,375,556
35,43,146,208
35,44,261,124
35,45,172,354
35,46,296,203
35,47,0,0
35,48,86,62
35,49,310,426
35,50,0,0
35,51,0,0
35,52,0,0
35,53,0,0
35,54,0,0
35,55,0,0
35,56,0,0
35,57,0,0
35,58,0,0
35,59,0,0
35,60,0,0
35,61,0,0
35,62,0,0
35,63,0,0
35,64,0,0
35,65,0,0
36,1,449,321
36,2,307,89
36,3,766,427
36,4,533,258
36,5,802,376
36,6,489,105
36,7,719,178
36,8,553,255
36,9,482,154
36,10,822,272
36,11,363,104
36,12,625,155
36,13,649,268
36,14,702,279
36,15,318,65
36,16,595,189
36,17,757,236
36,18,385,115
36,19,825,188
36,20,838,229
36,21,763,196
36,22,837,238
36,23,749,244
36,24,536,211
36,25,833,259
36,26,493,152
36,27,229,81
36,28,761,326
36,29,113,49
36,30,375,151
36,31,449,150
36,32,587,158
36,33,62,32
36,34,54,28
36,35,842,121
36,36,111,226
36,37,580,70
36,38,459,186
36,39,473,154
36,40,502,179
36,41,972,187
36,42,632,120
36,43,615,237
36,44,733,227
36,45,352,137
36,46,579,190
36,47,518,156
36,48,140,56
36,49,50,18
36,50,60,36
36,51,230,137
36,52,157,74
36,53,237,61
36,54,659,190
36,55,686,256
36,56,905,302
36,57,721,217
36,58,455,118
36,59,553,159
36,60,461,172
36,61,499,191
36,62,699,200
36,63,860,264
36,64,355,160
36,65,716,268
36,66,110,29
36,67,58,13
36,68,0,0
36,69,0,0
36,70,0,0
37,1,874,137
37,2,1027,170
37,3,1011,172
37,4,567,115
37,5,658,98
37,6,1023,187
37,7,812,136
37,8,93,220
37,9,454,61
37,10,13,3
37,11,112,150
37,12,609,189
37,13,61,45
37,14,558,316
37,15,143,110
37,16,255,195
37,17,357,317
37,18,442,306
37,19,556,268
37,20,608,230
37,21,648,197
37,22,715,256
37,23,527,166
37,24,651,296
37,25,550,159
37,26,532,216
37,27,768,278
37,28,785,262
37,29,587,225
37,30,586,325
37,31,598,288
37,32,271,112
37,33,456,175
37,34,12,8
37,35,865,201
37,36,967,402
37,37,317,130
37,38,0,0
37,39,242,520
37,40,324,635
37,41,27,15
37,42,0,0
37,43,514,420
37,44,387,236
37,45,28,28
37,46,43,78
37,47,442,578
37,48,366,503
37,49,185,296
37,50,412,566
37,51,438,618
37,52,470,409
37,53,466,399
37,54,478,266
37,55,381,228
37,56,437,181
37,57,486,271
37,58,257,169
37,59,340,112
37,60,232,80
37,61,361,183
37,62,214,159
37,63,671,343
37,64,469,217
37,65,491,187
37,66,0,0
37,67,0,0
37,68,0,0
37,69,0,0
37,70,0,0
37,71,0,0
38,1,510,208
38,2,613,246
38,3,607,196
38,4,615,161
38,5,171,105
38,6,547,297
38,7,691,281
38,8,1,4
38,9,484,452
38,10,470,385
38,11,340,416
38,12,427,436
38,13,132,156
38,14,464,619
38,15,410,605
38,16,49,58
38,17,431,546
38,18,261,208
38,19,374,319
38,20,487,399
38,21,375,288
38,22,232,124
38,23,465,294
38,24,386,287
38,25,224,122
38,26,400,324
38,27,143,140
38,28,455,375
38,29,343,274
38,30,442,350
38,31,238,159
38,32,471,402
38,33,477,391
38,34,464,321
38,35,395,303
38,36,353,252
38,37,377,309
38,38,234,193
38,39,271,240
38,40,198,164
38,41,240,205
38,42,147,69
38,43,9,1
38,44,302,106
38,45,209,141
38,46,525,402
38,47,513,399
38,48,492,388
38,49,169,107
38,50,410,307
38,51,461,296
38,52,97,105
38,53,321,388
38,54,0,0
39,1,716,322
39,2,820,179
39,3,653,296
39,4,668,346
39,5,559,240
39,6,896,200
39,7,696,338
39,8,831,386
39,9,325,103
39,10,206,147
39,11,22,31
39,12,271,189
39,13,168,145
39,14,302,258
39,15,441,411
39,16,42,26
39,17,213,143
39,18,476,330
39,19,466,405
39,20,117,75
39,21,238,214
39,22,327,258
39,23,274,271
39,24,112,122
39,25,232,178
39,26,322,321
39,27,77,76
39,28,410,592
39,29,161,179
39,30,318,338
39,31,269,269
39,32,378,404
39,33,252,323
39,34,345,318
39,35,339,335
39,36,227,219
39,37,195,128
39,38,171,161
39,39,321,288
39,40,38,34
39,41,453,359
39,42,225,205
39,43,176,218
39,44,283,283
39,45,310,300
39,46,420,588
39,47,233,304
39,48,230,128
39,49,334,284
39,50,102,71
39,51,232,477
39,52,102,100
39,53,24,25
39,54,83,86
39,55,31,38
40,1,357,398
40,2,172,216
40,3,209,188
40,4,321,312
40,5,220,240
40,6,141,182
40,7,361,297
40,8,359,399
40,9,404,348
40,10,230,210
40,11,303,233
40,12,305,351
40,13,161,137
40,14,212,110
40,15,229,230
40,16,308,287
40,17,187,153
40,18,251,309
40,19,269,276
40,20,380,359
40,21,382,294
40,22,164,155
40,23,433,350
40,24,271,210
40,25,0,0
40,26,478,299
40,27,420,457
40,28,543,521
40,29,423,327
40,30,389,227
40,31,313,235
40,32,186,202
40,33,320,273
40,34,215,199
40,35,92,150
40,36,32,25
40,37,343,578
40,38,230,412
40,39,160,247
40,40,230,452
40,41,309,538
40,42,12,8
40,43,335,354
40,44,145,142
40,45,258,313
40,46,156,162
40,47,323,713
40,48,77,84
40,49,0,0
41,1,793,75
41,2,692,56
41,3,532,38
41,4,875,58
41,5,565,58
41,6,621,55
41,7,725,77
41,8,606,64
41,9,789,50
41,10,513,42
41,11,697,63
41,12,280,264
41,13,438,91
41,14,114,652
41,15,132,141
41,16,315,188
41,17,492,92
41,18,518,60
41,19,578,129
41,20,62,146
41,21,123,176
41,22,311,769
41,23,148,611
41,24,245,554
41,25,245,520
41,26,305,658
41,27,292,550
41,28,191,461
41,29,107,555
41,30,119,567
41,31,124,325
41,32,510,277
41,33,296,616
41,34,322,726
41,35,133,613
41,36,118,302
41,37,162,333
41,38,72,104
41,39,122,287
41,40,227,392
41,41,159,759
41,42,238,459
41,43,239,420
41,44,205,349
41,45,331,463
41,46,193,342
41,47,263,302
41,48,294,312
41,49,430,153
41,50,371,145
41,51,244,82
41,52,466,626
41,53,135,121
41,54,83,114
41,55,260,407
41,56,213,407
41,57,172,394
41,58,262,555
41,59,101,227
41,60,122,304
41,61,216,470
41,62,0,0
41,63,283,723
41,64,235,554
41,65,66,195
41,66,164,365
41,67,148,344
41,68,110,95
41,69,58,166
41,70,70,238
41,71,102,520
41,72,0,0
41,73,0,0
41,74,0,0
42,1,35,12
42,2,602,44
42,3,799,38
42,4,748,47
42,5,699,72
42,6,794,125
42,7,907,78
42,8,449,49
42,9,769,55
42,10,843,79
42,11,821,68
42,12,799,56
42,13,881,66
42,14,688,63
42,15,822,58
42,16,701,60
42,17,744,54
42,18,572,54
42,19,826,85
42,20,790,49
42,21,725,73
42,22,678,99
42,23,815,88
42,24,767,60
42,25,696,40
42,26,633,33
42,27,229,35
42,28,38,1
42,29,762,61
42,30,464,52
42,31,606,48
42,32,584,28
42,33,592,49
42,34,428,34
42,35,656,40
42,36,704,46
42,37,788,57
42,38,773,58
42,39,743,49
42,40,609,70
42,41,793,134
42,42,588,63
42,43,766,72
42,44,539,53
42,45,491,44
42,46,521,56
42,47,747,69
42,48,12,80
42,49,619,282
42,50,746,58
42,51,501,55
42,52,111,632
42,53,482,413
42,54,45,845
42,55,365,335
42,56,191,387
42,57,12,240
42,58,214,688
42,59,55,523
42,60,479,107
42,61,865,73
42,62,0,0
43,1,721,26
43,2,787,40
43,3,676,26
43,4,820,39
43,5,526,19
43,6,615,44
43,7,703,61
43,8,527,23
43,9,401,28
43,10,815,33
43,11,621,30
43,12,492,60
43,13,596,229
43,14,485,94
43,15,474,160
43,16,659,67
43,17,487,64
43,18,770,43
43,19,678,156
43,20,387,497
43,21,212,464
43,22,373,520
43,23,637,135
43,24,349,263
43,25,404,201
43,26,102,401
43,27,387,492
43,28,125,367
43,29,580,185
43,30,692,273
43,31,834,35
43,32,690,35
43,33,819,76
43,34,623,171
43,35,712,159
43,36,798,26
43,37,950,41
43,38,851,23
43,39,722,31
43,40,769,39
43,41,842,59
43,42,744,33
43,43,532,366
43,44,542,225
43,45,589,237
43,46,332,196
43,47,840,128
43,48,110,16
43,49,516,87
43,50,415,82
43,51,393,99
43,52,652,76
43,53,819,55
43,54,869,49
43,55,633,34
43,56,876,39
43,57,946,42
43,58,733,40
43,59,898,42
43,60,770,32
43,61,720,38
43,62,502,32
43,63,663,30
43,64,891,61
43,65,691,42
43,66,752,50
43,67,895,53
43,68,326,27
44,1,947,45
44,2,633,228
44,3,224,14
44,4,646,46
44,5,255,16
44,6,171,89
44,7,953,31
44,8,814,33
44,9,803,55
44,10,514,12
44,11,453,15
44,12,641,26
44,13,331,15
44,14,696,27
44,15,250,6
44,16,230,47
44,17,1093,68
44,18,790,85
44,19,530,43
44,20,428,24
44,21,655,90
44,22,647,48
44,23,1006,45
44,24,816,84
44,25,971,67
44,26,742,49
44,27,868,69
44,28,908,48
44,29,970,70
44,30,869,65
44,31,1038,112
44,32,998,104
44,33,953,144
44,34,537,65
44,35,565,97
44,36,1007,167
44,37,925,147
44,38,967,135
44,39,824,102
44,40,586,118
44,41,635,123
44,42,155,243
44,43,575,167
44,44,267,181
44,45,711,123
44,46,726,185
44,47,346,178
44,48,339,366
44,49,50,278
44,50,38,278
44,51,25,369
44,52,46,63
44,53,236,411
44,54,648,65
44,55,206,56
44,56,654,156
44,57,376,330
44,58,371,232
44,59,330,230
44,60,189,120
44,61,999,146
44,62,749,73
44,63,650,221
44,64,640,279
44,65,589,59
44,66,603,362
44,67,353,120
44,68,431,77
44,69,384,428
44,70,358,141
44,71,336,229
44,72,433,289
44,73,223,18
44,74,480,89
44,75,4,5
44,76,257,156
44,77,183,12
44,78,318,129
44,79,0,0
44,80,0,0
44,81,0,0
44,82,277,2
44,83,296,6
44,84,462,15
44,85,259,14
44,86,1,0
44,87,17,7
44,88,242,148
44,89,159,35
45,1,147,550
45,2,150,712
45,3,235,668
45,4,242,521
45,5,225,498
45,6,229,480
45,7,114,722
45,8,58,686
45,9,163,630
45,10,53,615
45,11,54,554
45,12,35,97
45,13,48,366
45,14,92,497
45,15,84,545
45,16,97,935
45,17,108,584
45,18,27,70
45,19,89,180
45,20,182,665
45,21,63,111
45,22,85,181
45,23,302,197
45,24,314,204
45,25,37,395
45,26,31,417
45,27,184,379
45,28,153,674
45,29,75,532
45,30,179,421
45,31,254,294
45,32,188,780
45,33,92,541
45,34,203,540
45,35,92,380
45,36,314,725
45,37,318,427
45,38,97,306
45,39,26,55
45,40,203,475
45,41,284,705
45,42,251,485
45,43,208,575
45,44,246,508
45,45,223,620
45,46,244,299
45,47,242,547
45,48,215,392
45,49,98,789
45,50,162,380
45,51,159,638
45,52,137,344
45,53,127,184
45,54,34,56
45,55,10,33
45,56,0,0
46,1,358,278
46,2,373,220
46,3,531,244
46,4,461,255
46,5,460,377
46,6,413,449
46,7,410,394
46,8,397,270
46,9,535,321
46,10,513,337
46,11,302,242
46,12,588,441
46,13,551,424
46,14,555,394
46,15,411,385
46,16,482,331
46,17,366,330
46,18,430,343
46,19,504,430
46,20,562,431
46,21,101,67
46,22,370,384
46,23,233,508
46,24,158,594
46,25,207,480
46,26,299,560
46,27,467,385
46,28,224,455
46,29,79,66
46,30,53,91
46,31,148,225
46,32,84,124
46,33,43,62
46,34,186,328
46,35,73,235
46,36,172,360
46,37,1,0
46,38,202,466
46,39,252,468
46,40,273,561
46,41,361,176
46,42,383,148
46,43,332,138
46,44,243,173
46,45,236,167
46,46,329,155
46,47,385,222
46,48,381,139
46,49,138,176
46,50,450,134
46,51,303,107
46,52,299,162
46,53,428,243
46,54,75,474
46,55,124,687
46,56,211,688
46,57,125,405
46,58,120,407
46,59,92,443
46,60,94,362
46,61,297,731
46,62,130,365
46,63,97,403
46,64,70,391
46,65,103,378
46,66,166,507
46,67,90,445
46,68,184,466
46,69,188,192
46,70,197,362
46,71,248,458
46,72,0,1
46,73,87,361
46,74,0,0
46,75,0,0
46,76,0,0
46,77,0,0
46,78,0,0
47,1,123,218
47,2,311,525
47,3,129,255
47,4,250,362
47,5,317,435
47,6,150,148
47,7,192,366
47,8,134,160
47,9,222,364
47,10,162,314
47,11,253,346
47,12,297,444
47,13,187,288
47,14,348,577
47,15,22,75
47,16,50,96
47,17,31,64
47,18,147,189
47,19,180,260
47,20,174,212
47,21,243,320
47,22,166,320
47,23,339,452
47,24,202,326
47,25,232,355
47,26,208,397
47,27,306,642
47,28,112,193
47,29,222,333
47,30,15,47
47,31,24,78
47,32,166,265
47,33,255,483
47,34,234,361
47,35,217,375
47,36,180,365
47,37,216,351
47,38,213,351
47,39,175,346
47,40,61,124
47,41,72,164
47,42,410,155
47,43,295,516
47,44,283,608
47,45,303,603
47,46,235,381
47,47,287,455
47,48,85,104
47,49,257,523
47,50,290,612
47,51,42,60
47,52,128,225
47,53,197,250
47,54,216,360
47,55,27,49
47,56,30,46
47,57,123,242
47,58,132,182
47,59,133,219
47,60,53,104
47,61,0,0
48,1,41,214
48,2,50,566
48,3,28,640
48,4,60,766
48,5,116,391
48,6,131,843
48,7,14,817
48,8,59,749
48,9,16,589
48,10,106,681
48,11,3,363
48,12,13,427
48,13,83,695
48,14,121,240
48,15,260,595
48,16,213,656
48,17,11,7
48,18,1,51
48,19,192,453
48,20,184,371
48,21,103,136
48,22,18,116
48,23,291,470
48,24,260,313
48,25,243,540
48,26,85,765
48,27,139,452
48,28,103,486
48,29,134,538
48,30,67,526
48,31,44,52
48,32,39,491
48,33,180,512
48,34,77,84
48,35,149,537
48,36,119,260
48,37,42,458
48,38,123,780
48,39,102,740
48,40,62,920
48,41,40,807
48,42,17,781
48,43,53,586
48,44,21,543
48,45,75,762
48,46,51,712
48,47,48,804
48,48,73,671
48,49,42,685
48,50,21,533
48,51,18,563
48,52,65,363
48,53,4,425
48,54,0,0
48,55,44,259
48,56,7,32
48,57,14,177
49,1,0,0
49,2,42,54
49,3,35,35
49,4,134,125
49,5,118,118
49,6,168,210
49,7,140,256
49,8,182,209
49,9,191,197
49,10,158,181
49,11,170,215
49,12,170,211
49,13,32,26
49,14,98,124
49,15,163,267
49,16,243,292
49,17,337,472
49,18,258,340
49,19,160,188
49,20,69,201
49,21,106,282
49,22,132,241
49,23,191,270
49,24,216,374
49,25,245,381
49,26,232,380
49,27,241,408
49,28,177,310
49,29,149,265
49,30,276,332
49,31,273,437
49,32,288,504
49,33,261,471
49,34,179,199
49,35,262,433
49,36,204,417
49,37,271,506
49,38,181,257
49,39,329,474
49,40,244,430
49,41,325,541
49,42,187,270
49,43,191,292
49,44,94,135
49,45,119,102
49,46,6,4
49,47,171,248
49,48,28,81
49,49,61,96
49,50,180,281
49,51,97,266
49,52,99,101
49,53,177,180
49,54,0,0
49,55,0,0
49,56,0,0
50,1,180,234
50,2,703,129
50,3,725,118
50,4,809,124
50,5,797,146
50,6,633,130
50,7,711,126
50,8,948,163
50,9,6,0
50,10,356,71
50,11,524,132
50,12,579,77
50,13,598,113
50,14,796,151
50,15,631,123
50,16,705,189
50,17,765,232
50,18,625,173
50,19,707,240
50,20,789,178
50,21,717,155
50,22,781,89
50,23,786,71
50,24,132,126
50,25,622,69
50,26,1061,112
50,27,1016,149
50,28,353,45
50,29,924,204
50,30,818,91
50,31,425,51
50,32,439,152
50,33,444,348
50,34,501,376
50,35,242,372
50,36,168,222
50,37,169,465
50,38,296,252
50,39,68,275
50,40,163,381
50,41,236,260
50,42,95,323
50,43,28,346
50,44,115,500
50,45,43,530
50,46,80,502
50,47,15,388
50,48,25,394
50,49,36,326
50,50,538,183
50,51,634,86
50,52,712,85
50,53,719,103
50,54,434,39
50,55,261,41
50,56,916,89
50,57,952,99
50,58,750,139
50,59,799,140
50,60,635,140
50,61,837,107
50,62,676,95
50,63,609,97
50,64,6,0
50,65,428,47
50,66,0,0
50,67,0,0
51,1,300,181
51,2,263,206
51,3,169,206
51,4,174,202
51,5,180,159
51,6,391,188
51,7,432,225
51,8,448,245
51,9,338,233
51,10,171,171
51,11,415,193
51,12,250,185
51,13,405,182
51,14,414,197
51,15,406,211
51,16,432,254
51,17,415,173
51,18,581,189
51,19,495,184
51,20,425,146
51,21,746,205
51,22,807,164
51,23,522,72
51,24,758,116
51,25,543,31
51,26,808,63
51,27,234,23
51,28,1076,106
51,29,1115,115
51,30,252,15
51,31,110,107
51,32,173,23
51,33,644,49
51,34,497,96
51,35,377,55
51,36,486,70
51,37,407,82
51,38,349,63
51,39,5,0
51,40,660,89
51,41,588,56
51,42,803,78
51,43,9,8
51,44,672,218
51,45,440,203
51,46,328,174
51,47,369,249
51,48,155,123
51,49,193,144
51,50,137,212
51,51,115,253
51,52,386,314
51,53,171,393
51,54,409,237
51,55,9,2
51,56,91,60
51,57,0,0
52,1,14,337
52,2,667,82
52,3,142,11
52,4,0,0
52,5,540,54
52,6,1006,141
52,7,839,83
52,8,697,75
52,9,755,88
52,10,908,105
52,11,810,65
52,12,839,71
52,13,72,12
52,14,713,75
52,15,709,72
52,16,74,94
52,17,997,96
52,18,908,89
52,19,553,33
52,20,906,67
52,21,89,89
52,22,1100,97
52,23,309,31
52,24,934,122
52,25,1013,67
52,26,97,109
52,27,0,0
52,28,713,37
52,29,933,52
52,30,949,77
52,31,624,59
52,32,783,64
52,33,326,18
52,34,715,48
52,35,580,46
52,36,806,54
52,37,710,56
52,38,397,16
52,39,861,58
52,40,929,43
52,41,725,39
52,42,992,74
52,43,634,74
52,44,707,119
52,45,759,62
52,46,815,42
52,47,858,76
52,48,842,97
52,49,883,100
52,50,881,149
52,51,311,44
52,52,722,44
52,53,527,18
52,54,743,62
52,55,386,80
52,56,333,71
52,57,663,25
52,58,279,25
52,59,344,73
52,60,1038,99
52,61,948,108
52,62,555,89
52,63,853,85
52,64,649,47
52,65,822,45
52,66,877,44
52,67,815,52
52,68,835,54
52,69,955,56
52,70,243,11
52,71,749,33
52,72,403,15
52,73,898,52
52,74,69,5
52,75,767,34
52,76,691,17
52,77,913,41
52,78,316,6
52,79,960,46
52,80,990,44
52,81,1027,49
52,82,989,61
52,83,1085,83
52,84,189,62
52,85,995,48
52,86,576,41
52,87,4,1
52,88,633,72
52,89,0,0
52,90,0,0
52,91,0,0
52,92,0,0
52,93,0,0
52,94,0,0
52,95,0,0
52,96,0,0
52,97,0,0
52,98,0,0
52,99,0,0
52,100,2,1
52,101,424,28
52,102,6,5
53,1,585,131
53,2,596,91
53,3,520,149
53,4,297,57
53,5,442,131
53,6,477,137
53,7,345,99
53,8,598,138
53,9,461,120
53,10,551,150
53,11,456,148
53,12,502,174
53,13,599,117
53,14,547,119
53,15,507,151
53,16,536,94
53,17,635,106
53,18,643,94
53,19,665,92
53,20,788,104
53,21,686,162
53,22,752,116
53,23,551,90
53,24,600,93
53,25,577,83
53,26,579,132
53,27,598,105
53,28,576,107
53,29,547,119
53,30,400,53
53,31,500,61
53,32,445,98
53,33,362,67
53,34,247,71
53,35,398,85
53,36,530,146
53,37,220,460
53,38,448,241
53,39,433,212
53,40,513,209
53,41,668,190
53,42,327,95
53,43,661,65
53,44,470,102
53,45,451,122
53,46,594,135
53,47,523,105
53,48,528,92
53,49,547,92
53,50,528,149
53,51,350,174
53,52,530,173
53,53,752,104
53,54,598,77
53,55,535,101
53,56,673,135
53,57,286,89
53,58,358,89
53,59,403,63
53,60,926,121
53,61,802,72
53,62,579,139
53,63,271,76
54,1,100,49
54,2,267,195
54,3,154,97
54,4,414,109
54,5,263,39
54,6,342,49
54,7,350,191
54,8,281,118
54,9,263,178
54,10,239,84
54,11,347,105
54,12,317,70
54,13,283,59
54,14,303,51
54,15,319,53
54,16,155,30
54,17,239,74
54,18,339,124
54,19,245,110
54,20,194,72
54,21,207,114
54,22,272,115
54,23,386,173
54,24,279,154
54,25,308,194
54,26,234,151
54,27,332,165
54,28,300,173
54,29,381,183
54,30,289,167
54,31,423,226
54,32,328,166
54,33,425,173
54,34,363,183
54,35,458,168
54,36,607,179
54,37,445,73
54,38,684,78
54,39,631,69
54,40,607,68
54,41,557,60
54,42,472,57
54,43,558,95
54,44,571,74
54,45,566,127
54,46,430,93
54,47,528,102
54,48,467,127
54,49,428,109
54,50,494,117
54,51,491,122
54,52,351,92
54,53,358,99
54,54,429,66
54,55,408,94
54,56,483,69
54,57,473,109
54,58,18,7
54,59,1,2
54,60,64,6
54,61,259,52
54,62,115,48
54,63,0,0
54,64,57,19
54,65,21,11
54,66,58,10
55,1,636,38
55,2,509,40
55,3,502,63
55,4,41,3
55,5,560,42
55,6,493,23
55,7,602,52
55,8,674,56
55,9,590,55
55,10,585,39
55,11,406,29
55,12,597,37
55,13,553,97
55,14,511,36
55,15,636,84
55,16,0,0
55,17,66,14
55,18,30,6
55,19,448,73
55,20,418,65
55,21,52,20
55,22,145,19
55,23,451,76
55,24,452,76
55,25,538,74
55,26,475,72
55,27,361,45
55,28,361,49
55,29,318,34
55,30,567,52
55,31,69,3
55,32,341,35
55,33,804,49
55,34,266,31
55,35,225,16
55,36,684,52
55,37,105,15
55,38,728,74
55,39,657,61
55,40,389,82
55,41,396,47
55,42,421,63
55,43,296,64
55,44,564,54
55,45,729,38
55,46,320,33
55,47,555,63
55,48,635,70
55,49,717,85
55,50,590,48
55,51,809,80
55,52,735,50
55,53,702,68
55,54,125,6
55,55,482,68
55,56,674,51
55,57,661,57
55,58,58,10
55,59,362,39
55,60,766,64
55,61,374,21
55,62,389,40
55,63,685,58
55,64,646,45
55,65,710,63
55,66,0,0
55,67,0,0
55,68,0,2
56,1,450,126
56,2,430,107
56,3,343,294
56,4,386,103
56,5,470,96
56,6,449,112
56,7,410,136
56,8,505,124
56,9,583,94
56,10,518,66
56,11,588,134
56,12,737,92
56,13,638,70
56,14,502,52
56,15,402,83
56,16,479,69
56,17,576,74
56,18,38,1
56,19,565,46
56,20,758,55
56,21,656,41
56,22,470,37
56,23,475,26
56,24,720,62
56,25,698,38
56,26,677,76
56,27,759,54
56,28,690,49
56,29,817,42
56,30,639,35
56,31,615,41
56,32,753,36
56,33,709,36
56,34,625,50
56,35,678,49
56,36,656,54
56,37,859,44
56,38,768,38
56,39,599,27
56,40,649,32
56,41,648,28
56,42,659,33
56,43,716,19
56,44,711,35
56,45,672,24
56,46,721,35
56,47,784,44
56,48,825,32
56,49,772,30
56,50,884,30
56,51,369,28
56,52,385,46
56,53,741,42
56,54,398,41
56,55,560,39
56,56,950,39
56,57,194,35
56,58,1020,58
56,59,392,18
56,60,418,41
56,61,378,28
56,62,650,52
56,63,745,27
56,64,599,65
56,65,304,13
56,66,292,17
56,67,345,44
56,68,297,36
56,69,727,31
56,70,75,3
57,1,457,91
57,2,467,81
57,3,440,103
57,4,441,116
57,5,253,45
57,6,316,64
57,7,335,69
57,8,797,50
57,9,661,31
57,10,1046,46
57,11,935,41
57,12,162,80
57,13,106,582
57,14,211,232
57,15,749,57
57,16,756,49
57,17,185,113
57,18,428,32
57,19,930,28
57,20,839,38
57,21,719,24
57,22,891,35
57,23,867,24
57,24,450,24
57,25,379,213
57,26,614,46
57,27,936,30
57,28,989,76
57,29,777,25
57,30,1085,86
57,31,597,98
57,32,675,89
57,33,897,32
57,34,988,30
57,35,841,58
57,36,810,46
57,37,968,43
57,38,657,33
57,39,553,25
57,40,524,16
57,41,489,17
57,42,510,18
57,43,1077,31
57,44,818,23
57,45,676,20
57,46,889,16
57,47,965,26
57,48,1056,48
57,49,1069,26
57,50,880,34
57,51,1200,48
57,52,684,28
57,53,574,37
57,54,655,36
57,55,800,30
57,56,831,37
57,57,939,35
57,58,691,19
57,59,648,21
57,60,1053,43
57,61,955,56
57,62,687,39
57,63,868,48
57,64,618,42
57,65,760,88
57,66,501,30
57,67,77,5
57,68,76,2
57,69,123,8
57,70,461,27
57,71,165,388
57,72,233,46
57,73,0,0
57,74,0,0
57,75,0,0
57,76,0,0
57,77,0,0
57,78,13,2
57,79,0,0
57,80,191,9
57,81,31,4
57,82,326,21
57,83,10,1
57,84,212,15
57,85,267,10
58,1,464,48
58,2,493,38
58,3,694,48
58,4,28,4
58,5,494,44
58,6,514,41
58,7,697,46
58,8,678,48
58,9,627,51
58,10,520,45
58,11,806,76
58,12,578,75
58,13,762,72
58,14,693,44
58,15,696,40
58,16,596,61
58,17,621,61
58,18,695,60
58,19,570,39
58,20,396,25
58,21,610,47
58,22,212,11
58,23,659,44
58,24,26,4
58,25,708,34
58,26,646,44
58,27,659,33
58,28,773,54
58,29,611,40
58,30,434,24
58,31,556,34
58,32,670,42
58,33,630,48
58,34,609,49
58,35,788,48
58,36,557,40
58,37,784,63
58,38,552,40
58,39,601,45
58,40,645,49
58,41,610,44
58,42,673,41
58,43,625,40
58,44,563,45
58,45,491,38
58,46,341,18
58,47,93,7
58,48,326,37
58,49,465,19
58,50,466,44
58,51,575,37
58,52,548,30
58,53,875,55
58,54,235,17
58,55,541,52
58,56,510,52
58,57,824,103
58,58,844,71
58,59,774,70
58,60,847,93
58,61,563,56
58,62,759,75
58,63,644,44
58,64,292,19
58,65,562,45
58,66,0,0
58,67,0,0
58,68,0,0
58,69,0,0
58,70,2,0
59,1,365,54
59,2,626,63
59,3,841,76
59,4,811,85
59,5,809,84
59,6,803,65
59,7,832,53
59,8,810,60
59,9,912,47
59,10,696,91
59,11,759,72
59,12,730,69
59,13,799,60
59,14,502,56
59,15,430,34
59,16,629,55
59,17,812,65
59,18,791,53
59,19,753,60
59,20,643,44
59,21,763,69
59,22,644,40
59,23,328,34
59,24,406,42
59,25,355,60
59,26,485,29
59,27,666,58
59,28,498,49
59,29,568,97
59,30,556,106
59,31,204,30
59,32,745,76
59,33,568,254
59,34,549,127
59,35,263,43
59,36,660,136
59,37,671,188
59,38,608,186
59,39,758,170
59,40,47,167
59,41,576,210
59,42,349,576
59,43,530,428
59,44,243,465
59,45,513,423
59,46,348,670
59,47,108,655
59,48,168,832
59,49,192,806
59,50,206,745
59,51,145,319
59,52,290,494
59,53,243,409
59,54,235,434
59,55,304,572
59,56,314,698
59,57,430,657
59,58,144,218
59,59,109,447
59,60,123,412
59,61,30,12
59,62,3,2
59,63,397,73
59,64,11,4
59,65,164,429
59,66,140,443
59,67,0,0
59,68,0,0
59,69,0,0
59,70,0,0
59,71,0,0
59,72,0,0
60,1,474,52
60,2,565,96
60,3,467,95
60,4,661,89
60,5,280,37
60,6,24,136
60,7,840,102
60,8,466,95
60,9,667,127
60,10,716,90
60,11,293,139
60,12,437,37
60,13,487,43
60,14,778,78
60,15,633,42
60,16,676,46
60,17,618,184
60,18,490,123
60,19,652,130
60,20,340,52
60,21,658,42
60,22,546,50
60,23,634,71
60,24,397,33
60,25,610,50
60,26,560,76
60,27,310,29
60,28,710,63
60,29,618,46
60,30,725,84
60,31,557,81
60,32,400,68
60,33,301,82
60,34,441,82
60,35,601,49
60,36,544,48
60,37,540,54
60,38,550,52
60,39,623,94
60,40,512,75
60,41,397,65
60,42,584,54
60,43,488,70
60,44,458,64
60,45,401,85
60,46,695,100
60,47,71,19
60,48,158,38
60,49,399,75
60,50,323,54
60,51,593,98
60,52,570,54
60,53,530,108
60,54,655,88
60,55,601,83
60,56,381,46
60,57,441,70
60,58,527,61
60,59,174,22
60,60,22,3
60,61,0,0
60,62,0,0
60,63,5,3
60,64,114,33
61,1,464,261
61,2,544,195
61,3,662,123
61,4,677,177
61,5,409,304
61,6,474,106
61,7,450,183
61,8,589,199
61,9,505,207
61,10,403,180
61,11,648,273
61,12,678,237
61,13,713,159
61,14,473,99
61,15,525,157
61,16,373,126
61,17,321,328
61,18,416,176
61,19,444,164
61,20,441,191
61,21,519,389
61,22,615,347
61,23,572,156
61,24,471,128
61,25,355,238
61,26,265,514
61,27,262,392
61,28,388,277
61,29,544,287
61,30,598,179
61,31,457,411
61,32,448,404
61,33,478,239
61,34,401,216
61,35,565,247
61,36,550,340
61,37,564,305
61,38,565,401
61,39,498,395
61,40,368,819
61,41,355,778
61,42,375,948
61,43,360,761
61,44,0,0
61,45,0,0
61,46,0,0
61,47,82,52
61,48,190,146
61,49,0,0
61,50,203,290
61,51,199,263
61,60,628,165
61,61,816,261
61,62,708,237
61,63,926,287
61,64,563,151
61,65,846,244
61,66,715,230
61,67,721,202
61,68,914,275
61,69,2,0
61,70,0,0
61,71,0,0
61,72,0,0
61,73,0,0
61,74,0,0
61,100,2,0
61,101,0,0
61,102,0,0
61,103,0,0
61,104,0,0
61,105,0,0
61,106,0,0
61,107,0,0
61,108,0,0
61,109,0,0
61,110,0,0
61,111,0,0
61,112,0,0
61,113,0,0
61,114,0,0
62,1,176,1046
62,2,208,1052
62,3,257,895
62,4,165,987
62,5,165,955
62,6,206,897
62,7,175,1042
62,8,167,921
62,9,212,1001
62,10,243,939
62,11,200,883
62,12,221,869
62,13,235,947
62,14,223,931
62,15,217,971
62,16,239,978
62,17,240,884
62,18,225,958
62,19,236,996
62,20,261,906
62,21,250,936
62,22,237,888
62,23,215,901
62,24,247,864
62,25,235,790
62,26,280,862
62,27,276,861
62,28,238,822
62,29,265,842
62,30,262,718
62,31,293,937
62,32,275,820
62,33,248,814
62,34,248,788
62,35,80,292
62,36,209,42
62,37,227,937
62,38,228,947
62,39,217,1026
62,40,196,964
62,41,205,936
62,42,202,950
62,43,212,972
62,44,329,648
62,45,249,845
62,46,284,879
62,47,273,741
62,48,235,850
62,49,291,806
62,50,274,874
62,51,243,919
62,52,194,992
62,53,219,969
62,54,247,777
62,55,270,769
62,56,367,632
62,57,141,291
62,58,120,363
62,59,228,811
62,60,246,894
62,61,235,650
62,62,0,0
62,63,0,0
62,64,0,0
63,1,591,164
63,2,398,268
63,3,250,328
63,4,403,451
63,5,413,455
63,6,428,619
63,7,389,631
63,8,153,193
63,9,62,113
63,10,441,259
63,11,503,540
63,12,143,205
63,13,279,164
63,14,357,464
63,15,340,376
63,16,517,445
63,17,259,444
63,18,467,852
63,19,137,176
63,20,208,399
63,21,228,363
63,22,266,89
63,23,462,676
63,24,393,516
63,25,147,540
63,26,207,585
63,27,273,484
63,28,337,796
63,29,354,600
63,30,346,655
63,31,342,646
63,32,365,665
63,33,227,432
63,34,379,670
63,35,400,623
63,36,638,174
63,37,627,179
63,38,325,79
63,39,512,194
63,40,393,343
63,41,555,345
63,42,341,342
63,43,306,310
63,44,370,569
63,45,318,540
63,46,305,559
63,47,301,535
63,48,217,425
63,49,234,464
63,50,14,39
63,51,223,644
63,52,332,723
63,53,320,363
63,54,268,615
63,55,180,548
63,56,278,544
63,57,223,524
63,58,238,509
63,59,305,637
63,60,175,846
63,61,297,638
63,62,225,439
63,63,196,507
63,64,200,485
63,65,150,338
63,66,0,0
63,67,0,0
63,68,0,0
63,69,0,0
63,70,0,0
63,71,148,399
63,72,0,0
63,73,0,0
63,74,0,0
63,75,111,129
63,76,461,535
63,77,0,0
64,1,258,844
64,2,244,908
64,3,314,921
64,4,239,745
64,5,259,930
64,6,243,890
64,7,265,822
64,8,302,794
64,9,258,885
64,10,233,738
64,11,278,703
64,12,382,477
64,13,272,728
64,14,317,783
64,15,259,823
64,16,319,760
64,17,325,745
64,18,295,810
64,19,159,337
64,20,8,30
64,21,274,813
64,22,259,737
64,23,239,630
64,24,307,754
64,25,232,591
64,26,279,177
64,27,279,589
64,28,240,658
64,29,276,740
64,30,128,316
64,31,210,515
64,32,296,757
64,33,235,536
64,34,315,558
64,35,159,465
64,36,263,577
64,37,339,745
64,38,189,459
64,39,227,728
64,40,276,253
64,41,252,592
64,42,232,552
64,43,255,616
64,44,265,604
64,45,326,674
64,46,225,384
64,47,218,345
64,48,132,394
64,49,0,0
64,50,0,0
64,51,53,73
64,52,0,0
64,53,0,0
64,54,0,0
64,55,0,0
64,56,0,0
64,57,0,0
64,58,0,0
64,59,0,0
64,60,233,480
64,61,136,304
64,75,560,410
64,76,147,109
64,77,630,328
64,78,335,248
64,79,391,224
64,80,525,330
64,81,573,330
64,82,545,428
64,83,611,405
64,84,302,486
64,85,275,381
64,86,263,433
64,87,188,157
64,88,0,0
64,89,0,0
64,90,0,0
65,1,798,223
65,2,660,129
65,3,894,252
65,4,760,208
65,5,612,170
65,6,592,151
65,7,646,338
65,8,440,262
65,9,757,173
65,10,730,164
65,11,365,84
65,12,332,138
65,13,498,206
65,14,265,115
65,15,324,246
65,16,255,265
65,17,363,153
65,18,383,154
65,19,552,255
65,20,378,126
65,21,413,193
65,22,326,71
65,23,451,195
65,24,294,135
65,25,342,109
65,26,606,202
65,27,386,127
65,28,642,202
65,29,791,257
65,30,488,203
65,31,357,92
65,32,535,138
65,33,906,251
65,34,334,92
65,35,706,158
65,36,344,54
65,37,91,17
65,38,238,36
65,39,200,60
65,40,709,99
65,41,502,96
65,42,468,172
65,43,524,176
65,44,689,201
65,45,588,163
65,46,726,302
65,47,402,131
65,48,316,114
65,49,613,185
65,50,484,182
65,51,433,162
65,52,453,91
65,53,414,88
65,54,372,159
65,55,308,155
65,56,303,184
65,57,861,107
65,58,600,119
65,59,669,107
65,60,654,156
65,61,387,135
65,62,391,117
65,63,421,151
65,64,643,151
65,65,439,165
65,66,427,147
65,67,328,69
65,68,0,0
65,69,0,0
65,70,0,0
65,71,0,0
66,1,5,1
66,2,667,100
66,3,611,82
66,4,978,122
66,5,603,89
66,6,772,129
66,7,646,124
66,8,761,144
66,9,733,88
66,10,798,75
66,11,738,139
66,12,933,185
66,13,458,144
66,14,803,103
66,15,829,109
66,16,43,171
66,17,645,104
66,18,729,129
66,19,887,144
66,20,634,123
66,21,802,134
66,22,77,11
66,23,889,111
66,24,839,91
66,25,928,155
66,26,701,78
66,27,522,100
66,28,696,131
66,29,621,95
66,30,445,74
66,31,762,155
66,32,838,174
66,33,663,112
66,34,586,70
66,35,786,91
66,36,899,87
66,37,857,113
66,38,829,101
66,39,248,25
66,40,524,44
66,41,786,81
66,42,878,140
66,43,543,84
66,44,684,113
66,45,666,78
66,46,349,47
66,47,727,92
66,48,733,93
66,49,812,193
66,50,841,83
66,51,887,140
66,52,470,106
66,53,581,82
66,54,680,132
66,55,515,139
66,56,690,28
66,57,790,50
66,58,771,89
66,59,578,76
66,60,547,98
66,61,612,106
66,62,45,7
66,63,615,179
66,64,828,155
66,65,609,91
66,66,933,246
66,67,855,289
66,68,877,182
66,69,737,129
66,70,702,214
66,71,748,155
66,72,383,99
66,73,817,171
66,74,94,9
66,75,0,0
66,76,0,0
66,77,0,0
66,78,0,0
67,1,834,127
67,2,555,75
67,3,851,93
67,4,878,126
67,5,951,134
67,6,187,43
67,7,990,162
67,8,894,142
67,9,775,107
67,10,886,122
67,11,874,119
67,12,63,137
67,13,871,144
67,14,641,98
67,15,809,106
67,16,57,181
67,17,833,85
67,18,948,107
67,19,956,125
67,20,1003,116
67,21,785,160
67,22,827,133
67,23,359,51
67,24,955,110
67,25,682,86
67,26,64,113
67,27,582,102
67,28,656,95
67,29,646,90
67,30,54,164
67,31,549,115
67,32,887,131
67,33,689,109
67,34,1011,114
67,35,775,92
67,36,961,99
67,37,53,155
67,38,50,178
67,39,35,170
67,40,1023,149
67,41,940,192
67,42,895,169
67,43,513,157
67,44,1017,157
67,45,541,154
67,46,324,33
67,47,34,324
67,48,604,128
67,49,671,183
67,50,607,109
67,51,466,119
67,52,796,185
67,53,519,128
67,54,593,193
67,55,480,123
67,56,749,134
67,57,946,187
67,58,537,106
67,59,914,212
67,60,89,200
67,61,585,166
67,62,894,133
67,63,862,131
67,64,695,142
67,65,775,249
67,66,371,124
67,67,1041,177
67,68,0,0
67,69,0,0
67,70,0,0
68,1,513,58
68,2,455,94
68,3,345,40
68,4,586,47
68,5,443,24
68,6,489,100
68,7,346,75
68,8,894,141
68,9,246,43
68,10,386,80
68,11,596,72
68,12,587,79
68,13,659,131
68,14,352,37
68,15,357,70
68,16,348,85
68,17,570,108
68,18,316,91
68,19,474,75
68,20,488,123
68,21,656,111
68,22,329,80
68,23,382,63
68,24,41,19
68,25,520,115
68,26,354,91
68,27,341,97
68,28,659,109
68,29,601,120
68,30,316,82
68,31,428,112
68,32,658,113
68,33,764,166
68,34,458,136
68,35,576,106
68,36,381,83
68,37,677,200
68,38,599,117
68,39,378,102
68,40,388,101
68,41,512,124
68,42,381,85
68,43,639,152
68,44,721,169
68,45,504,154
68,46,578,135
68,47,665,168
68,48,639,140
68,49,307,67
68,50,291,105
68,51,652,161
68,52,605,147
68,53,449,73
68,54,556,136
68,55,926,199
68,56,382,73
68,57,454,79
68,58,481,129
68,59,376,73
68,60,463,75
68,61,245,76
68,62,780,140
68,63,701,133
68,64,335,68
68,65,818,153
68,66,1034,246
68,67,596,194
68,68,277,54
68,69,330,114
68,70,71,208
68,71,474,117
68,72,126,32
68,73,183,31
68,74,448,82
68,75,313,63
68,76,0,0
68,77,0,0
68,78,0,0
68,79,0,0
68,80,0,0
68,81,0,0
69,1,315,83
69,2,614,110
69,3,414,109
69,4,270,86
69,5,602,65
69,6,1028,78
69,7,710,54
69,8,591,37
69,9,560,50
69,10,320,30
69,11,892,53
69,12,1062,63
69,13,641,55
69,14,786,85
69,15,762,173
69,16,428,50
69,17,443,51
69,18,827,151
69,19,438,89
69,20,666,103
69,21,468,58
69,22,834,96
69,23,808,97
69,24,518,128
69,25,629,125
69,26,331,84
69,27,618,110
69,28,349,14
69,29,930,107
69,30,935,104
69,31,430,44
69,32,315,52
69,33,899,114
69,34,698,65
69,35,639,60
69,36,818,100
69,37,790,91
69,38,813,93
69,39,887,73
69,40,567,45
69,41,105,111
69,42,1031,95
69,43,963,75
69,44,508,58
69,45,114,86
69,46,872,89
69,47,723,107
69,48,798,116
69,49,680,112
69,50,928,83
69,51,713,100
69,52,1002,126
69,53,652,78
69,54,887,136
69,55,447,66
69,56,697,97
69,57,548,62
69,58,1004,137
69,59,839,93
69,60,944,122
69,61,606,78
69,62,594,68
69,63,504,62
69,64,427,85
69,65,649,84
69,66,957,132
69,67,639,143
69,68,817,103
69,69,680,86
69,70,638,102
69,71,905,102
69,72,634,94
69,73,1018,126
69,74,618,82
69,75,695,85
69,76,653,85
69,77,0,0
69,78,0,0
69,79,0,0
69,80,0,0
69,81,0,0
69,82,0,0
69,83,0,0
69,84,0,0
70,1,596,172
70,2,372,103
70,3,533,111
70,4,631,148
70,5,406,121
70,6,441,127
70,7,370,85
70,8,367,78
70,9,375,152
70,10,435,142
70,11,502,122
70,12,418,98
70,13,824,73
70,14,559,39
70,15,468,92
70,16,958,89
70,17,302,58
70,18,644,52
70,19,597,75
70,20,914,44
70,21,701,92
70,22,808,78
70,23,587,74
70,24,585,92
70,25,496,51
70,26,765,38
70,27,717,53
70,28,721,37
70,29,1065,60
70,30,950,85
70,31,765,97
70,32,589,49
70,33,640,49
70,34,711,70
70,35,104,137
70,36,704,51
70,37,357,50
70,38,569,59
70,39,676,53
70,40,699,77
70,41,879,88
70,42,318,41
70,43,547,28
70,44,944,76
70,45,361,80
70,46,429,72
70,47,574,60
70,48,507,43
70,49,522,74
70,50,490,60
70,51,421,90
70,52,388,68
70,53,665,90
70,54,886,67
70,55,756,73
70,56,677,68
70,57,510,52
70,58,859,69
70,59,647,87
70,60,936,61
70,61,700,53
70,62,887,59
70,63,679,65
70,64,876,69
70,65,779,92
70,66,981,89
70,67,553,106
70,68,490,72
70,69,71,56
70,70,0,0
70,71,0,0
70,72,0,0
71,1,822,145
71,2,716,151
71,3,1054,174
71,4,189,119
71,5,1069,78
71,6,969,110
71,7,875,124
71,8,662,156
71,9,803,172
71,10,650,110
71,11,495,99
71,12,520,176
71,13,561,149
71,14,538,181
71,15,515,103
71,16,481,177
71,17,565,173
71,18,553,128
71,19,399,69
71,20,457,189
71,21,546,141
71,22,487,157
71,23,524,182
71,24,895,147
71,25,388,117
71,26,512,73
71,27,562,86
71,28,545,178
71,29,503,134
71,30,536,120
71,31,363,59
71,32,558,130
71,33,137,34
71,34,446,134
71,35,611,103
71,36,595,113
71,37,636,168
71,38,644,86
71,39,620,104
71,40,633,105
71,41,650,115
71,42,711,123
71,43,401,89
71,44,508,158
71,45,429,109
71,46,538,140
71,47,383,102
71,48,642,107
71,49,704,137
71,50,492,80
71,51,826,68
71,52,979,133
71,53,417,42
71,54,579,104
71,55,841,91
71,56,627,71
71,57,656,79
71,58,679,76
71,59,806,97
71,60,651,57
71,61,968,45
71,62,647,29
71,63,621,59
71,64,647,113
71,65,101,39
71,66,0,0
71,67,0,0
71,68,0,0
71,69,0,0
71,70,0,0
71,71,0,0
72,1,515,154
72,2,483,185
72,3,540,245
72,4,954,110
72,5,906,132
72,6,671,164
72,7,437,235
72,8,613,148
72,9,817,193
72,10,695,195
72,11,478,254
72,12,466,238
72,13,464,217
72,14,502,205
72,15,549,221
72,16,329,154
72,17,387,222
72,18,417,169
72,19,507,116
72,20,360,207
72,21,342,134
72,22,294,173
72,23,404,234
72,24,362,161
72,25,468,253
72,26,766,194
72,27,418,185
72,28,241,86
72,29,563,162
72,30,469,143
72,31,370,208
72,32,528,170
72,33,446,138
72,34,296,173
72,35,399,179
72,36,304,183
72,37,439,236
72,38,387,247
72,39,465,216
72,40,377,233
72,41,548,220
72,42,374,233
72,43,458,178
72,44,471,205
72,45,305,154
72,46,345,182
72,47,334,138
72,48,389,211
72,49,334,168
72,50,363,176
72,51,333,153
72,52,452,215
72,53,427,209
72,54,330,180
72,55,430,140
72,56,383,128
72,57,393,189
72,58,735,137
72,59,442,183
72,60,378,178
72,61,383,111
72,62,410,200
72,63,371,108
72,64,0,0
72,65,0,0
72,66,0,0
73,1,857,217
73,2,208,48
73,3,616,221
73,4,892,185
73,5,509,122
73,6,770,202
73,7,642,175
73,8,304,86
73,9,373,195
73,10,329,221
73,11,724,294
73,12,801,186
73,13,763,160
73,14,514,164
73,15,952,296
73,16,657,182
73,17,658,217
73,18,227,40
73,19,959,286
73,20,1010,277
73,21,725,183
73,22,672,230
73,23,647,174
73,24,565,179
73,25,773,246
73,26,655,229
73,27,760,282
73,28,574,144
73,29,727,219
73,30,839,227
73,31,653,148
73,32,700,234
73,33,693,222
73,34,951,294
73,35,342,112
73,36,546,189
73,37,751,270
73,38,866,321
73,39,772,240
73,40,633,246
73,41,527,207
73,42,524,233
73,43,704,258
73,44,686,213
73,45,777,264
73,46,683,265
73,47,591,222
73,48,745,322
73,49,511,182
73,50,793,321
73,51,846,230
73,52,667,234
73,53,707,209
73,54,835,292
73,55,672,162
73,56,533,159
73,57,601,182
73,58,589,181
73,59,980,262
73,60,388,102
73,61,441,93
73,62,44,224
73,63,709,221
73,64,982,208
73,65,597,156
73,66,934,221
73,67,777,188
73,68,608,241
73,69,961,187
73,70,0,0
73,71,0,0
73,72,0,0
74,1,782,216
74,2,862,212
74,3,797,223
74,4,746,232
74,5,618,203
74,6,696,200
74,7,633,165
74,8,939,203
74,9,396,94
74,10,903,213
74,11,935,227
74,12,976,177
74,13,774,156
74,14,932,223
74,15,956,220
74,16,69,194
74,17,953,166
74,18,1076,175
74,19,756,151
74,20,830,145
74,21,627,119
74,22,912,184
74,23,930,159
74,24,864,162
74,25,525,141
74,26,894,125
74,27,980,115
74,28,550,81
74,29,410,137
74,30,612,160
74,31,867,127
74,32,349,121
74,33,597,89
74,34,659,139
74,35,776,104
74,36,792,109
74,37,352,122
74,38,362,140
74,39,347,109
74,40,254,76
74,41,433,117
74,42,553,307
74,43,847,88
74,44,513,143
74,45,754,171
74,46,388,108
74,47,480,115
74,48,633,130
74,49,790,188
74,50,746,170
74,51,1041,153
74,52,629,102
74,53,834,128
74,54,449,77
74,55,969,165
74,56,691,128
74,57,948,115
74,58,671,101
74,59,870,183
74,60,417,67
74,61,391,92
74,62,368,79
74,63,220,39
74,64,57,25
74,65,280,58
74,66,0,0
74,67,0,0
74,68,0,0
74,69,0,0
74,70,0,0
75,1,944,159
75,2,29,172
75,3,938,196
75,4,450,108
75,5,778,195
75,6,899,186
75,7,674,161
75,8,56,201
75,9,217,29
75,10,970,240
75,11,520,182
75,12,659,184
75,13,801,252
75,14,333,115
75,15,546,159
75,16,299,67
75,17,550,101
75,18,315,101
75,19,0,0
75,20,513,134
75,21,363,90
75,22,669,184
75,23,615,163
75,24,777,185
75,25,401,47
75,26,955,139
75,27,665,136
75,28,890,142
75,29,756,124
75,30,548,209
75,31,830,163
75,32,685,112
75,33,610,122
75,34,607,118
75,35,453,104
75,36,207,64
75,37,630,151
75,38,751,128
75,39,662,136
75,40,598,86
75,41,830,174
75,42,802,99
75,43,912,227
75,44,943,104
75,45,714,101
75,46,830,116
75,47,711,120
75,48,482,71
75,49,872,115
75,50,617,101
75,51,1008,156
75,52,835,106
75,53,838,113
75,54,492,108
75,55,440,114
75,56,537,136
75,57,726,198
75,58,707,146
75,59,58,293
75,60,748,142
75,61,321,112
75,62,769,127
75,63,59,90
75,64,880,92
75,65,578,147
75,66,566,193
75,67,27,14
75,68,0,0
75,69,0,0
75,70,0,0
75,71,0,0
76,1,761,268
76,2,486,205
76,3,584,182
76,4,763,236
76,5,823,212
76,6,831,226
76,7,791,200
76,8,545,166
76,9,923,251
76,10,709,110
76,11,639,195
76,12,759,233
76,13,724,198
76,14,806,177
76,15,786,171
76,16,578,127
76,17,692,181
76,18,621,222
76,19,963,293
76,20,849,284
76,21,785,229
76,22,780,202
76,23,651,172
76,24,960,227
76,25,694,174
76,26,741,249
76,27,733,183
76,28,828,180
76,29,613,162
76,30,905,248
76,31,792,232
76,32,941,241
76,33,1006,221
76,34,941,260
76,35,926,197
76,36,986,266
76,37,1028,201
76,38,568,129
76,39,853,187
76,40,706,193
76,41,715,263
76,42,868,206
76,43,718,140
76,44,1007,200
76,45,904,224
76,46,937,183
76,47,720,117
76,48,791,237
76,49,819,201
76,50,960,237
76,51,738,199
76,52,836,191
76,53,931,179
76,54,39,266
76,55,981,176
76,56,970,170
76,57,632,162
76,58,965,212
76,59,711,152
76,60,659,124
76,61,635,143
76,62,888,193
76,63,0,0
76,64,0,0
76,65,0,0
76,66,0,0
76,67,0,0
76,68,0,0
77,1,421,190
77,2,550,216
77,3,511,174
77,4,126,35
77,5,512,205
77,6,513,180
77,7,528,231
77,8,469,173
77,9,534,230
77,10,483,216
77,11,500,224
77,12,526,160
77,13,597,201
77,14,523,151
77,15,52,22
77,16,109,21
77,17,388,100
77,18,391,118
77,19,442,106
77,20,154,60
77,21,372,145
77,22,355,140
77,23,520,185
77,24,449,133
77,25,260,103
77,26,380,183
77,27,413,176
77,28,290,104
77,29,118,48
77,30,162,57
77,31,369,134
77,32,403,146
77,33,185,71
77,34,179,97
77,35,312,146
77,36,286,127
77,37,379,131
77,38,265,93
77,39,369,186
77,40,376,149
77,41,441,181
77,42,536,183
77,43,1,1
77,44,456,156
77,45,56,16
77,46,365,123
77,47,568,145
77,48,159,62
77,49,769,151
77,50,400,110
77,51,324,106
77,52,524,179
77,53,433,162
77,54,237,125
77,55,137,72
77,56,288,171
77,57,0,0
77,58,0,0
77,59,0,0
77,60,0,0
77,61,0,0
77,62,0,0
77,63,0,0
78,1,418,143
78,2,534,141
78,3,439,173
78,4,398,110
78,5,291,140
78,6,295,130
78,7,430,192
78,8,256,141
78,9,254,112
78,10,455,136
78,11,253,68
78,12,274,141
78,13,272,92
78,14,363,166
78,15,71,40
78,16,255,115
78,17,432,240
78,18,413,225
78,19,404,158
78,20,469,188
78,21,349,193
78,22,395,232
78,23,416,170
78,24,61,23
78,25,429,182
78,26,332,140
78,27,430,199
78,28,578,272
78,29,532,282
78,30,500,184
78,31,274,103
78,32,558,104
78,33,386,218
78,34,345,210
78,35,303,208
78,36,554,217
78,37,486,241
78,38,264,131
78,39,422,226
78,40,339,160
78,41,331,238
78,42,411,171
78,43,372,275
78,44,294,186
78,45,269,131
78,46,354,170
78,47,368,227
78,48,1,1
78,49,453,182
78,50,162,115
78,52,0,0
78,53,0,0
78,54,0,0
78,55,0,0
79,1,501,114
79,2,66,38
79,3,433,114
79,4,293,141
79,5,301,103
79,6,239,94
79,7,59,15
79,8,276,65
79,9,146,49
79,10,388,121
79,11,462,117
79,12,520,168
79,13,397,93
79,14,427,139
79,15,550,152
79,16,266,69
79,17,364,140
79,18,349,83
79,19,215,55
79,20,429,113
79,21,314,96
79,22,416,143
79,23,429,212
79,24,358,117
79,25,224,84
79,26,254,80
79,27,469,135
79,28,577,148
79,29,519,168
79,30,357,94
79,31,350,120
79,32,549,189
79,33,268,72
79,34,446,190
79,35,497,139
79,36,367,125
79,37,485,171
79,38,358,122
79,39,307,92
79,40,559,160
79,41,366,113
79,42,356,117
79,43,795,187
79,44,385,132
79,45,370,114
79,46,567,172
79,47,572,154
79,48,90,22
79,49,159,57
79,50,376,121
79,51,368,170
79,52,403,115
79,53,328,89
79,54,601,82
79,55,760,117
79,56,423,70
79,57,196,69
79,58,77,30
79,59,226,73
80,1,92,41
80,2,335,151
80,3,325,195
80,4,199,258
80,5,292,197
80,6,433,345
80,7,184,96
80,8,465,244
80,9,178,113
80,10,265,291
80,11,376,237
80,12,502,260
80,13,514,248
80,14,490,159
80,15,551,204
80,16,437,234
80,17,554,256
80,18,333,287
80,19,248,270
80,20,374,517
80,21,469,192
80,22,297,127
80,23,392,469
80,24,404,234
80,25,236,124
80,26,536,241
80,27,198,43
80,28,88,19
80,29,477,177
80,30,516,191
80,31,262,94
80,32,185,76
80,33,80,20
80,34,577,133
80,35,634,188
80,36,302,62
80,37,505,120
80,38,517,114
80,39,0,0
80,40,369,231
80,41,515,415
80,42,636,378
80,43,539,362
80,44,380,135
80,45,444,213
80,46,302,131
80,47,208,155
80,48,293,204
80,49,346,153
80,50,407,137
80,51,401,135
80,52,53,12
80,53,405,179
80,54,950,154
80,55,434,210
80,56,406,217
80,57,537,225
80,58,290,148
80,59,268,117
80,60,101,137
80,61,1,1
80,62,118,58
80,63,125,80
80,64,31,8
80,65,0,0
80,66,0,0
80,67,0,0
81,1,362,203
81,2,478,232
81,3,265,187
81,4,285,91
81,5,286,185
81,6,439,215
81,7,337,118
81,8,448,158
81,9,356,168
81,10,508,271
81,11,662,338
81,12,356,217
81,13,58,32
81,14,611,215
81,15,535,131
81,16,379,116
81,17,879,310
81,18,435,121
81,19,770,190
81,20,584,140
81,21,714,174
81,22,669,236
81,23,601,150
81,24,429,107
81,25,268,153
81,26,794,222
81,27,745,167
81,28,933,233
81,29,823,290
81,30,660,293
81,31,877,312
81,32,583,245
81,33,462,143
81,34,709,167
81,35,641,191
81,36,443,171
81,37,721,262
81,38,452,216
81,39,572,238
81,40,459,228
81,41,333,349
81,42,363,354
81,43,471,416
81,44,710,145
81,45,479,241
81,46,286,70
81,47,475,244
81,48,611,240
81,49,476,182
81,50,402,210
81,51,495,154
81,52,487,86
81,53,534,287
81,54,746,291
81,55,169,65
81,56,390,152
81,57,460,85
81,58,454,123
81,59,412,83
81,60,0,0
81,61,0,0
81,62,0,0
81,63,1,0
82,1,335,628
82,2,122,255
82,3,375,370
82,4,375,373
82,5,275,325
82,6,238,545
82,7,359,307
82,8,308,367
82,9,421,329
82,10,535,343
82,11,407,269
82,12,316,74
82,13,292,80
82,14,313,75
82,15,427,345
82,16,429,329
82,17,44,28
82,18,339,488
82,19,338,535
82,20,370,665
82,21,232,474
82,22,195,369
82,23,222,335
82,24,206,282
82,25,553,293
82,26,338,252
82,27,310,283
82,28,568,368
82,29,513,303
82,30,417,241
82,31,321,274
82,32,423,382
82,33,365,342
82,34,322,198
82,35,154,90
82,36,387,235
82,37,18,4
82,38,457,381
82,39,373,284
82,40,382,182
82,41,582,483
82,42,556,507
82,43,245,271
82,44,251,225
82,45,0,0
82,46,732,112
82,47,605,88
82,48,860,118
82,49,744,103
82,50,637,71
82,51,664,58
82,52,0,0
82,53,138,112
82,54,912,116
82,55,819,160
82,56,724,102
82,57,864,136
82,58,888,95
82,59,878,127
82,60,802,121
82,61,844,104
82,62,724,97
82,63,862,135
82,64,871,144
82,65,776,119
82,66,556,112
82,67,0,0
82,68,0,0
82,69,0,0
82,70,0,0
82,71,0,0
82,72,0,0
82,73,0,0
82,74,0,0
82,75,0,0
82,76,0,0
82,77,0,0
82,78,0,0
82,79,0,0
83,1,738,119
83,2,737,103
83,3,698,138
83,4,526,59
83,5,626,79
83,6,765,87
83,7,783,93
83,8,479,81
83,9,444,77
83,10,503,88
83,11,690,99
83,12,469,83
83,13,444,86
83,14,432,96
83,15,598,105
83,16,632,67
83,17,602,87
83,18,435,75
83,19,549,96
83,20,690,100
83,21,722,57
83,22,770,94
83,23,850,92
83,24,556,70
83,25,764,77
83,26,635,86
83,27,426,101
83,28,463,65
83,29,392,62
83,30,543,126
83,31,541,109
83,32,690,104
83,33,662,77
83,34,594,93
83,35,644,109
83,36,435,47
83,37,428,31
83,38,425,87
83,39,522,71
83,40,286,50
83,41,781,57
83,42,334,53
83,43,505,63
83,44,846,86
83,45,446,39
83,46,707,146
83,47,637,79
83,48,753,90
83,49,347,60
83,50,391,99
83,51,284,67
83,52,422,71
83,53,429,33
83,54,612,88
83,55,0,0
83,56,0,0
83,57,0,0
83,58,278,48
83,59,73,4
83,60,3,0
83,61,217,38
83,62,227,32
83,63,291,18
83,64,75,14
83,65,63,16
83,66,133,11
83,67,113,11
84,1,510,235
84,2,165,73
84,3,412,234
84,4,463,229
84,5,456,191
84,6,468,248
84,7,347,189
84,8,510,187
84,9,319,92
84,10,437,171
84,11,441,160
84,12,398,146
84,13,328,100
84,14,330,84
84,15,115,60
84,16,180,34
84,17,746,205
84,18,449,186
84,19,347,98
84,20,469,139
84,21,328,99
84,22,440,148
84,23,209,88
84,24,228,103
84,25,493,216
84,26,323,115
84,27,103,35
84,28,522,202
84,29,580,176
84,30,382,139
84,31,449,156
84,32,399,138
84,33,241,70
84,34,454,156
84,35,411,148
84,36,445,118
84,37,409,101
84,38,349,175
84,39,270,121
84,40,248,88
84,41,422,158
84,42,365,99
84,43,430,111
84,44,335,97
84,45,394,124
84,46,381,121
84,47,252,112
84,48,460,112
84,49,218,65
84,50,271,111
84,51,530,102
84,52,76,26
84,53,91,22
84,54,182,61
84,55,510,178
84,56,173,69
84,57,260,86
84,58,373,155
84,59,34,12
84,60,53,28
84,61,180,46
84,62,0,0
84,63,0,0
84,64,134,52
84,65,180,71
84,66,179,38
84,67,274,33
85,1,826,214
85,2,542,216
85,3,402,202
85,4,448,211
85,5,645,197
85,6,345,128
85,7,314,108
85,8,202,77
85,9,498,229
85,10,336,92
85,11,378,113
85,12,332,101
85,13,410,125
85,14,461,99
85,15,793,121
85,16,464,108
85,17,397,126
85,18,10,10
85,19,422,135
85,20,431,111
85,21,534,162
85,22,543,198
85,23,267,104
85,24,193,87
85,25,401,107
85,26,300,101
85,27,243,82
85,28,619,189
85,29,492,189
85,30,293,122
85,31,369,116
85,32,296,111
85,33,256,86
85,34,389,118
85,35,469,190
85,36,491,200
85,37,347,126
85,38,0,1
85,39,538,205
85,40,357,135
85,41,500,194
85,42,362,119
85,43,444,146
85,44,376,158
85,45,327,170
85,46,516,134
85,47,196,94
85,48,243,102
85,49,235,128
85,50,371,158
85,51,944,72
85,52,855,164
85,53,555,61
85,54,379,128
85,55,0,0
85,56,0,0
85,57,0,0
85,58,0,0
85,59,0,0
85,60,0,0
85,61,0,0
85,62,0,0
85,63,0,0
85,64,0,0
85,65,0,0
85,66,0,0
85,67,0,0
85,68,0,0
85,69,0,0
85,70,0,0
85,71,0,0
85,72,0,0
85,73,0,0
85,74,0,0
85,75,0,0
85,76,0,0
85,77,0,0
85,78,0,0
85,79,0,0
85,80,0,0
85,81,0,0
85,82,0,0
85,83,0,0
85,84,48,11
85,85,16,9
85,86,1,6
86,1,366,172
86,2,468,191
86,3,51,17
86,4,364,167
86,5,351,208
86,6,348,190
86,7,476,234
86,8,330,190
86,9,544,272
86,10,503,199
86,11,424,208
86,12,440,201
86,13,393,288
86,14,321,167
86,15,278,117
86,16,438,215
86,17,321,120
86,18,384,223
86,19,360,187
86,20,341,142
86,21,350,209
86,22,318,157
86,23,326,141
86,24,281,196
86,25,248,202
86,26,368,221
86,27,291,143
86,28,294,130
86,29,282,137
86,30,391,234
86,31,466,152
86,32,396,132
86,33,473,249
86,34,319,200
86,35,211,57
86,36,321,115
86,37,427,150
86,38,438,168
86,39,241,103
86,40,45,25
86,41,413,166
86,42,41,17
86,43,425,173
86,44,102,41
86,45,73,45
86,46,225,134
86,47,346,152
86,48,286,138
86,49,503,156
86,50,437,208
86,51,366,204
86,52,421,260
86,53,333,147
86,54,0,0
86,55,0,0
87,1,135,37
87,2,413,174
87,3,454,219
87,4,240,97
87,5,181,65
87,6,545,188
87,7,501,162
87,8,151,56
87,9,520,176
87,10,331,138
87,11,440,200
87,12,415,131
87,13,366,133
87,14,547,153
87,15,612,120
87,16,566,141
87,17,500,101
87,18,674,119
87,19,670,150
87,20,535,105
87,21,553,132
87,22,577,158
87,23,667,163
87,24,608,188
87,25,582,212
87,26,553,197
87,27,513,202
87,28,474,226
87,29,419,161
87,30,456,221
87,31,476,271
87,32,482,260
87,33,0,0
87,34,150,84
87,35,357,124
87,36,47,39
87,37,36,9
87,38,403,221
87,39,389,254
87,40,444,171
87,41,311,215
87,42,559,220
87,43,359,167
87,44,383,190
87,45,498,223
87,46,525,119
87,47,506,230
87,48,513,210
87,49,590,129
87,50,356,110
87,51,414,133
87,52,353,75
87,53,514,157
87,54,611,133
87,55,485,186
87,56,5,3
87,57,0,0
87,58,0,0
87,59,0,0
